bondsba01	bondsba01h	0	36	1	2013			1	36
bagweje01	bagweje01h	0	60	3	2011			1	42|56|60
walkela01	walkela01h	0	23	3	2011			1	20|23|22
palmera01	palmera01h	0	13	3	2011			1	11|13|9
trammal01	trammal01h	0	37	12	2002			1	16|14|14|17|18|13|18|17|22|24|37|34
raineti01	raineti01h	0	52	6	2008			1	24|23|30|38|49|52
martied01	martied01h	0	36	4	2010			1	36|33|36|36
biggicr01	biggicr01h	0	68	1	2013			1	68
mcgwima01	mcgwima01h	0	24	7	2007			1	23|24|22|24|20|20|17
piazzmi01	piazzmi01h	0	58	1	2013			1	58
sosasa01	sosasa01h	0	12	1	2013			1	12
mcgrifr01	mcgrifr01h	0	24	4	2010			1	22|18|24|21
murphda05	murphda05h	0	23	15	1999			1	19|23|18|15|12|8|10|11|9|14|12|12|13|14|19
mattido01	mattido01h	0	28	13	2001			1	28|20|14|13|11|12|10|16|12|16|14|18|13
ruthba01	ruthba01h	1	95	1	1936	1936	BBWAA	0	95
mayswi01	mayswi01h	1	95	1	1979	1979	BBWAA	0	95
cobbty01	cobbty01h	1	98	1	1936	1936	BBWAA	0	98
aaronha01	aaronha01h	1	98	1	1982	1982	BBWAA	0	98
speaktr01	speaktr01h	1	82	2	1936	1937	BBWAA	0	59|82
wagneho01	wagneho01h	1	95	1	1936	1936	BBWAA	0	95
musiast01	musiast01h	1	93	1	1969	1969	BBWAA	0	93
hornsro01	hornsro01h	1	78	5	1936	1942	BBWAA	0	46|26|18|64|78
collied01	collied01h	1	78	4	1936	1939	BBWAA	0	27|57|67|78
willite01	willite01h	1	93	1	1966	1966	BBWAA	0	93
gehrilo01	gehrilo01h	1	23	2	1936	1939	Special Election	0	23
henderi01	henderi01h	1	95	1	2009	2009	BBWAA	0	95
mantlmi01	mantlmi01h	1	88	1	1974	1974	BBWAA	0	88
ottme01	ottme01h	1	87	3	1949	1951	BBWAA	0	68|68|87
lajoina01	lajoina01h	1	84	2	1936	1937	BBWAA	0	65|84
robinfr02	robinfr02h	1	89	1	1982	1982	BBWAA	0	89
schmimi01	schmimi01h	1	97	1	1995	1995	BBWAA	0	97
morgajo02	morgajo02h	1	82	1	1990	1990	BBWAA	0	82
foxxji01	foxxji01h	1	79	7	1936	1951	BBWAA	0	9|13|6|41|48|61|79
matheed01	matheed01h	1	79	5	1974	1978	BBWAA	0	32|41|49|62|79
yastrca01	yastrca01h	1	95	1	1989	1989	BBWAA	0	95
ripkeca01	ripkeca01h	1	99	1	2007	2007	BBWAA	0	99
clemero01	clemero01h	1	\N	1	1973	1973	Special Election	0	\N
ansonca01	ansonca01h	1	50	2	1936	1939	Old Timers	0	50
kalinal01	kalinal01h	1	88	1	1980	1980	BBWAA	0	88
boggswa01	boggswa01h	1	92	1	2005	2005	BBWAA	0	92
brettge01	brettge01h	1	98	1	1999	1999	BBWAA	0	98
davisge01	davisge01h	1	\N	1	1998	1998	Veterans	0	\N
connoro01	connoro01h	1	\N	1	1976	1976	Veterans	0	\N
carewro01	carewro01h	1	91	1	1991	1991	BBWAA	0	91
gehrich01	gehrich01h	1	85	6	1936	1949	Run Off	0	0|4|21|65|43|85
broutda01	broutda01h	1	3	2	1936	1945	Old Timers	0	3
rosepe01	rosepe01h	0	10	3	1992			0	10|3|4
robinbr01	robinbr01h	1	92	1	1983	1983	BBWAA	0	92
dimagjo01	dimagjo01h	1	89	4	1945	1955	BBWAA	0	0|44|69|89
yountro01	yountro01h	1	77	1	1999	1999	BBWAA	0	77
smithoz01	smithoz01h	1	92	1	2002	2002	BBWAA	0	92
molitpa01	molitpa01h	1	85	1	2004	2004	BBWAA	0	85
dahlebi01	dahlebi01h	0	1	2	1936			0	1|0
crawfsa01	crawfsa01h	1	4	8	1936	1957	Veterans	0	0|2|4|2|1|2|4
benchjo01	benchjo01h	1	96	1	1989	1989	BBWAA	0	96
whitalo01	whitalo01h	0	3	1	2001			0	3
applilu01	applilu01h	1	94	7	1953	1964	Run Off	0	1|1|7|29|27|30|94
jacksre01	jacksre01h	1	94	1	1993	1993	BBWAA	0	94
vaughar01	vaughar01h	1	29	12	1953	1985	Veterans	0	0|1|2|5|2|4|4|8|12|16|29
wanerpa01	wanerpa01h	1	83	6	1946	1952	BBWAA	0	2|42|48|57|72|83
heilmha01	heilmha01h	1	87	12	1937	1952	BBWAA	0	5|5|3|2|2|11|40|33|39|52|68|87
mizejo01	mizejo01h	1	44	12	1960	1981	Veterans	0	17|9|27|27|30|36|34|42|44|40|41
grichbo01	grichbo01h	0	3	1	1992			0	3
santoro01	santoro01h	1	43	16	1980	2012	Veterans	0	4|13|15|19|25|17|22|26|32|37|33|30|37|39|43
friscfr01	friscfr01h	1	84	6	1936	1947	BBWAA	0	6|9|36|41|51|84
wallabo01	wallabo01h	1	3	7	1936	1953	Veterans	0	1|0|3|2|1|1
larkiba01	larkiba01h	1	86	3	2010	2012	BBWAA	0	52|62|86
cartega01	cartega01h	1	78	6	1998	2003	BBWAA	0	42|34|50|65|73|78
delahed01	delahed01h	0	53	6	1936			0	27|35|50|53|45|45
gwynnto01	gwynnto01h	1	98	1	2007	2007	BBWAA	0	98
simmoal01	simmoal01h	1	75	9	1936	1953	BBWAA	0	2|0|4|50|58|54|51|60|75
murraed02	murraed02h	1	85	1	2003	2003	BBWAA	0	85
fiskca01	fiskca01h	1	80	2	1999	2000	BBWAA	0	66|80
loftoke01	loftoke01h	0	3	1	2013			0	3
nettlgr01	nettlgr01h	0	8	4	1994			0	8|6|8|5
clarkfr01	clarkfr01h	0	25	6	1936			0	12|11|24|22|25|21
sandbry01	sandbry01h	1	76	3	2003	2005	BBWAA	0	49|61|76
bankser01	bankser01h	1	84	1	1977	1977	BBWAA	0	84
evansdw01	evansdw01h	0	10	3	1997			0	6|10|4
alomaro01	alomaro01h	1	90	2	2010	2011	BBWAA	0	74|90
snidedu01	snidedu01h	1	86	11	1970	1980	BBWAA	0	17|25|21|27|30|36|41|55|67|71|86
cronijo01	cronijo01h	1	79	10	1947	1956	BBWAA	0	4|21|22|20|19|21|26|34|54|79
reesepe01	reesepe01h	1	48	15	1964	1984	Veterans	0	36|31|30|29|26|32|35|33|33|39|43|48|43|45
gosligo01	gosligo01h	1	13	10	1948	1968	Veterans	0	1|3|1|0|3|13|10|11|9
bellbu01	bellbu01h	0	2	1	1995			0	2
randowi01	randowi01h	0	1	1	1998			0	1
smithre06	smithre06h	0	1	1	1988			0	1
dawsoan01	dawsoan01h	1	78	9	2002	2010	BBWAA	0	45|50|50|52|61|57|66|67|78
mccovwi01	mccovwi01h	1	81	1	1986	1986	BBWAA	0	81
winfida01	winfida01h	1	84	1	2001	2001	BBWAA	0	84
willibi01	willibi01h	1	86	6	1982	1987	BBWAA	0	23|41|50|64|74|86
ashburi01	ashburi01h	1	42	16	1968	1995	Veterans	0	2|3|4|3|3|7|15|21|22|36|42|30|35|35|30
hamilbi01	hamilbi01h	1	3	3	1936	1961	Veterans	0	3|0
boudrlo01	boudrlo01h	1	77	10	1956	1970	BBWAA	0	1|24|13|8|34|38|49|52|64|77
burkeje01	burkeje01h	0	2	6	1936			0	1|0|1|2|1|1
bakerfr01	bakerfr01h	1	30	12	1936	1955	Veterans	0	0|6|12|11|17|11|19|30|3|2|4
boyerke01	boyerke01h	0	26	15	1975			0	2|4|4|5|5|17|22|23|26|14|18|13|17|16|12
jacksjo01	jacksjo01h	0	1	2	1936			0	1|1
glassja01	glassja01h	0	3	1	1936			0	3
becklja01	becklja01h	1	1	3	1936	1971	Veterans	0	1|0
robinja02	robinja02h	1	78	1	1962	1962	BBWAA	0	78
bandosa01	bandosa01h	0	1	1	1987			0	1
killeha01	killeha01h	1	83	4	1981	1984	BBWAA	0	60|59|72|83
wheatza01	wheatza01h	1	23	17	1937	1959	Veterans	0	2|3|1|1|1|3|23|12|10|10|8|13|12|13|20|13
hernake01	hernake01h	0	11	9	1996			0	5|10|11|7|10|8|6|6|4
berrayo01	berrayo01h	1	86	2	1971	1972	BBWAA	0	67|86
mageesh01	mageesh01h	0	1	8	1937			0	1|1|0|0|0|0|1|1
allendi01	allendi01h	0	19	14	1983			0	4|7|10|13|12|8|13|13|16|17|14|16|19|17
evansda01	evansda01h	0	2	1	1995			0	2
olerujo01	olerujo01h	0	1	1	2011			0	1
bondsbo01	bondsbo01h	0	11	11	1987			0	6|6|6|7|9|9|11|8|8|5|4
torrejo01	torrejo01h	0	22	15	1983			0	5|11|11|14|11|14|9|12|9|14|15|12|11|11|22
greenha01	greenha01h	1	85	9	1945	1956	BBWAA	0	1|44|38|30|32|30|38|63|85
stargwi01	stargwi01h	1	82	1	1988	1988	BBWAA	0	82
johnsbo01	johnsbo01h	0	1	2	1948			0	1|1
gordojo01	gordojo01h	1	29	13	1945	2009	Veterans	0	0|0|2|4|4|3|15|10|23|27|29|26
clarkwi02	clarkwi02h	0	4	1	2006			0	4
venturo01	venturo01h	0	1	1	2010			0	1
dickebi01	dickebi01h	1	80	9	1945	1954	BBWAA	0	7|20|32|42|46|52|59|68|80
aparilu01	aparilu01h	1	85	6	1979	1984	BBWAA	0	28|32|12|42|67|85
wynnji01	wynnji01h	0	0	1	1983			0	0
medwijo01	medwijo01h	1	85	9	1948	1968	BBWAA	0	1|16|19|14|21|65|62|81|85
lemonch01	lemonch01h	0	0	1	1996			0	0
slaugen01	slaugen01h	1	69	15	1966	1985	Veterans	0	33|42|46|38|44|46|38|38|40|49|51|58|69|69
hermabi01	hermabi01h	1	20	8	1948	1975	Veterans	0	1|1|3|3|13|9|20
sislege01	sislege01h	1	86	4	1936	1939	BBWAA	0	34|53|68|86
cruzjo01	cruzjo01h	0	0	1	1994			0	0
terrybi01	terrybi01h	1	77	14	1936	1954	BBWAA	0	4|3|6|15|13|15|29|43|53|63|65|66|72|77
careyma01	careyma01h	1	51	15	1937	1961	Veterans	0	3|2|3|0|7|8|8|12|15|21|22|47|34|51
pinsova01	pinsova01h	0	16	15	1981			0	4|1|3|5|10|12|16|7|8|7|8|9|10|7|11
keelewi01	keelewi01h	1	76	4	1936	1939	BBWAA	0	18|57|68|76
perezto01	perezto01h	1	77	9	1992	2000	BBWAA	0	50|55|58|56|66|66|68|61|77
seweljo01	seweljo01h	1	9	8	1937	1977	Veterans	0	0|1|0|0|2|0|9
ceyro01	ceyro01h	0	2	1	1993			0	2
hartnga01	hartnga01h	1	78	12	1936	1955	BBWAA	0	0|1|1|1|27|23|32|25|33|39|60|78
colliji01	colliji01h	0	49	6	1936			0	26|33|30|26|29|49
tinkejo01	tinkejo01h	0	27	6	1937			0	7|6|4|15|20|27
flickel01	flickel01h	1	0	2	1938	1963	Veterans	0	0
hoopeha01	hoopeha01h	1	3	7	1937	1971	Veterans	0	3|2|2|2|1|1
campabe01	campabe01h	0	3	1	1989			0	3
clarkja01	clarkja01h	0	1	1	1998			0	1
ricesa01	ricesa01h	1	53	14	1938	1963	Veterans	0	0|1|2|1|0|0|1|4|11|23|34|53|51
cedence01	cedence01h	0	0	1	1992			0	0
hackst01	hackst01h	0	5	7	1948			0	2|3|5|1|1|2|2
mcphebi01	mcphebi01h	1	\N	1	2000	2000	Veterans	0	\N
cochrmi01	cochrmi01h	1	80	6	1936	1947	BBWAA	0	35|10|38|51|40|80
cashno01	cashno01h	0	2	1	1980			0	2
downibr01	downibr01h	0	0	1	1998			0	0
orourji01	orourji01h	1	\N	1	1945	1945	Old Timers	0	\N
harrato01	harrato01h	0	0	1	1992			0	0
doerrbo01	doerrbo01h	1	25	13	1953	1986	Veterans	0	1|3|9|6|6|12|10|12|17|18|25|22
puckeki01	puckeki01h	1	82	1	2001	2001	BBWAA	0	82
phillto02	phillto02h	0	0	1	2005			0	0
kellejo01	kellejo01h	1	0	3	1939	1971	Veterans	0	0|0
elliobo01	elliobo01h	0	2	3	1960			0	1|1|2
cepedor01	cepedor01h	1	73	16	1980	1999	Veterans	0	12|19|10|16|31|29|36|43|47|39|48|43|57|60|73
minosmi01	minosmi01h	0	21	15	1969			0	2|21|20|21|13|11|9|16|16|10|14|13|18|16|15
simmote01	simmote01h	0	4	1	1994			0	4
lazzeto01	lazzeto01h	1	33	15	1945	1991	Veterans	0	0|1|17|13|13|12|12|11|12|26|33|30|22|5
lynnfr01	lynnfr01h	0	6	2	1996			0	6|5
burksel01	burksel01h	0	0	1	2010			0	0
sheckji01	sheckji01h	0	0	3	1938			0	0|0|0
dobyla01	dobyla01h	1	3	3	1966	1998	Veterans	0	2|3
willibe02	willibe02h	0	10	2	2012			0	10|3
butlebr01	butlebr01h	0	0	1	2003			0	0
kinerra01	kinerra01h	1	75	13	1960	1975	BBWAA	0	1|3|15|25|42|42|40|56|59|59|62|59|75
foxne01	foxne01h	1	75	16	1971	1997	Veterans	0	11|16|19|22|21|45|40|39|40|42|42|31|46|61|75
fregoji01	fregoji01h	0	1	1	1984			0	1
bancrda01	bancrda01h	1	16	16	1937	1971	Veterans	0	1|1|0|0|3|3|5|4|5|4|4|8|8|16|11
grohhe01	grohhe01h	0	2	8	1937			0	0|1|0|1|1|0|2|0
averiea01	averiea01h	1	5	8	1949	1975	Veterans	0	1|1|1|2|5|4|2
veachbo01	veachbo01h	0	0	1	1937			0	0
ewingbu01	ewingbu01h	0	50	2	1936			0	50|1
eversjo01	eversjo01h	0	64	7	1936			0	3|22|35|39|39|54|64
riceji01	riceji01h	1	76	15	1995	2009	BBWAA	0	30|35|38|43|29|52|58|55|52|55|59|65|63|72|76
crossla01	crossla01h	0	0	2	1939			0	0|0
whitede03	whitede03h	0	0	1	2007			0	0
fletcar01	fletcar01h	0	2	8	1937			0	1|1|0|2|2|1|1|2
judgejo01	judgejo01h	0	6	7	1937			0	0|1|1|1|1|3|6
myerbu01	myerbu01h	0	1	1	1949			0	1
leachto01	leachto01h	0	0	2	1937			0	0|0
tenacge01	tenacge01h	0	0	1	1989			0	0
cuyleki01	cuyleki01h	1	34	13	1948	1968	Veterans	0	2|3|7|4|4|7|8|14|28|34|27|19
whitero01	whitero01h	0	0	1	1985			0	0
willima04	willima04h	0	1	1	2009			0	1
gracema01	gracema01h	0	4	1	2009			0	4
wilsowi02	wilsowi02h	0	2	1	2000			0	2
munsoth01	munsoth01h	0	15	15	1981			0	15|6|5|7|8|8|7|7|7|7|6|7|9|7|7
lombaer01	lombaer01h	1	16	10	1950	1986	Veterans	0	2|1|4|2|2|3|16|11|15
staubru01	staubru01h	0	8	7	1991			0	6|6|8|8|5|5|4
manushe01	manushe01h	1	9	7	1948	1964	Veterans	0	1|1|7|8|7|9
mcgrajo01	mcgrajo01h	0	22	1	1936			0	22
chancfr01	chancfr01h	0	72	7	1936			0	2|24|51|58|58|72|57
whitede01	whitede01h	1	1	2	1936	2013	Veterans	0	1
roushed01	roushed01h	1	54	20	1936	1962	Veterans	0	1|5|3|3|0|2|5|16|14|9|10|9|10|12|21|39|47|42|54
brocklo01	brocklo01h	1	80	1	1985	1985	BBWAA	0	80
stoveha01	stoveha01h	0	8	1	1936			0	8
doylela01	doylela01h	0	2	3	1937			0	1|2|0
fernato01	fernato01h	0	1	1	2007			0	1
peckiro01	peckiro01h	0	1	9	1937			0	1|1|0|1|1|1|1|0|0
schanwa01	schanwa01h	0	4	5	1948			0	1|1|1|3|4
hodgegi01	hodgegi01h	0	63	15	1969			0	24|48|50|41|57|54|52|60|58|60|56|60|60|49|63
freehbi01	freehbi01h	0	0	1	1982			0	0
knoblch01	knoblch01h	0	0	1	2008			0	0
colavro01	colavro01h	0	1	2	1974			0	1|0
thompsa01	thompsa01h	1	\N	1	1974	1974	Veterans	0	\N
kellyki01	kellyki01h	1	19	2	1936	1945	Old Timers	0	19
finlest01	finlest01h	0	1	1	2013			0	1
jackstr01	jackstr01h	1	7	13	1948	1982	Veterans	0	4|4|4|2|0|1|0|2|7|4|4|1
fostege01	fostege01h	0	7	4	1992			0	6|7|4|4
tennefr02	tennefr02h	0	3	5	1936			0	1|2|3|1|0
kleinch01	kleinch01h	1	28	13	1948	1980	Veterans	0	2|6|8|7|8|4|10|23|14|14|11|28
oliveal01	oliveal01h	0	4	1	1991			0	4
jonesfi01	jonesfi01h	0	2	5	1938			0	0|0|1|2|1
darkal01	darkal01h	0	19	15	1966			0	6|13|13|14|18|15|14|14|15|13|16|17|16|19|11
olivato01	olivato01h	0	47	15	1982			0	15|20|31|29|36|39|47|30|32|36|41|37|35|32|36
duffyhu01	duffyhu01h	0	33	6	1936			0	4|3|9|12|33|26
kellech01	kellech01h	0	6	11	1953			0	0|1|3|3|1|6|4|4|2|4|6
camildo01	camildo01h	0	2	4	1948			0	1|1|2|1
maranra01	maranra01h	1	83	14	1937	1954	BBWAA	0	12|28|30|28|21|25|57|31|38|39|49|57|62|83
walkedi02	walkedi02h	0	3	4	1962			0	1|3|2|3
otisam01	otisam01h	0	0	1	1990			0	0
willike01	willike01h	0	1	2	1956			0	1|0
combsea01	combsea01h	1	16	15	1937	1970	Veterans	0	2|3|1|0|5|4|2|0|1|0|7|13|16|4
cansejo01	cansejo01h	0	1	1	2007			0	1
jennihu01	jennihu01h	0	37	6	1936			0	14|2|9|12|27|37
dykstle01	dykstle01h	0	0	1	2002			0	0
lopesda01	lopesda01h	0	0	1	1993			0	0
aloufe01	aloufe01h	0	1	1	1980			0	1
schoere01	schoere01h	1	43	16	1969	1989	Veterans	0	19|32|34|26|25|30|26|33|27|34|37|43|41|33|39
bergewa01	bergewa01h	0	1	2	1956			0	1|1
gaettga01	gaettga01h	0	1	1	2006			0	1
strawda01	strawda01h	0	1	1	2005			0	1
floodcu01	floodcu01h	0	15	15	1977			0	4|2|3|7|11|12|11|6|8|5|10|9|9|13|15
nichobi01	nichobi01h	0	0	1	1960			0	0
singlke01	singlke01h	0	0	1	1990			0	0
decindo01	decindo01h	0	0	1	1993			0	0
chapmbe01	chapmbe01h	0	1	2	1949			0	1|0
vanslan01	vanslan01h	0	0	1	2001			0	0
belanma01	belanma01h	0	4	1	1988			0	4
bresnro01	bresnro01h	0	54	6	1936			0	21|21|26|24|24|54
galanau01	galanau01h	0	1	2	1968			0	1|1
vanhage01	vanhage01h	0	1	1	1936			0	1
porteda02	porteda02h	0	0	1	1993			0	0
mcdougi01	mcdougi01h	0	2	9	1966			0	2|1|1|1|0|1|1|1|1
rizzuph01	rizzuph01h	1	38	15	1956	1994	Veterans	0	1|28|22|18|24|26|23|26|26|26|29|30|32|38
salmoti01	salmoti01h	0	1	1	2012			0	1
richaha01	richaha01h	0	1	1	1936			0	1
justida01	justida01h	0	0	1	2008			0	0
sundbji01	sundbji01h	0	0	1	1995			0	0
hermaba01	hermaba01h	0	6	12	1942			0	0|2|3|1|0|1|1|0|2|6|5|3
lansfca01	lansfca01h	0	1	1	1998			0	1
bartedi01	bartedi01h	0	1	4	1948			0	1|0|0|0
milancl01	milancl01h	0	2	7	1938			0	0|1|0|0|0|1|2
belleal01	belleal01h	0	8	2	2006			0	8|3
parkeda01	parkeda01h	0	25	15	1997			0	18|25|16|21|16|14|10|10|13|15|11|15|15|15|15
conceda01	conceda01h	0	17	15	1994			0	7|9|13|13|17|12|13|14|12|11|11|11|13|14|16
sandere02	sandere02h	0	0	1	2013			0	0
willsma01	willsma01h	0	41	15	1978			0	30|38|38|41|22|21|26|24|29|27|30|21|21|14|26
parrila02	parrila02h	0	2	1	2001			0	2
stanked01	stanked01h	0	1	1	1960			0	1
bushdo01	bushdo01h	0	1	6	1937			0	0|1|1|0|1|0
burnsge01	burnsge01h	0	1	5	1937			0	1|1|0|1|1
petrori01	petrori01h	0	1	1	1982			0	1
daubeja01	daubeja01h	0	1	6	1936			0	1|1|0|0|0|0
bennech01	bennech01h	0	4	1	1936			0	4
powelbo01	powelbo01h	0	1	1	1983			0	1
wilsoha01	wilsoha01h	1	38	16	1937	1979	Veterans	0	0|0|0|2|16|10|9|9|16|19|32|38|35|27|24
oneilpa01	oneilpa01h	0	2	1	2007			0	2
davisha01	davisha01h	0	1	2	1945			0	0|1
baineha01	baineha01h	0	6	5	2007			0	5|5|6|6|5
gonzaju03	gonzaju03h	0	5	2	2011			0	5|4
smithlo01	smithlo01h	0	0	1	2000			0	0
callijo01	callijo01h	0	0	1	1979			0	0
hrbekke01	hrbekke01h	0	1	1	2000			0	1
wallati01	wallati01h	0	0	1	2002			0	0
gibsoki01	gibsoki01h	0	3	1	2001			0	3
marisro01	marisro01h	0	43	15	1974			0	21|19|22|21|22|29|29|23|17|18|27|32|42|43|43
turnete01	turnete01h	0	1	1	1947			0	1
davisch01	davisch01h	0	1	1	2005			0	1
lankfra01	lankfra01h	0	0	1	2010			0	0
madlobi01	madlobi01h	0	4	1	1993			0	4
blairpa01	blairpa01h	0	2	1	1986			0	2
garvest01	garvest01h	0	43	15	1993			0	42|36|43|37|35|41|30|32|34|28|28|24|21|26|21
howarfr01	howarfr01h	0	1	1	1979			0	1
kellge01	kellge01h	1	37	14	1964	1983	Veterans	0	16|10|14|17|18|30|29|29|30|26|31|33|37
mcauldi01	mcauldi01h	0	0	1	1981			0	0
bishoma01	bishoma01h	0	2	4	1955			0	0|1|2|2
bradlbi01	bradlbi01h	0	2	6	1936			0	0|2|1|0|0|0
willicy01	willicy01h	0	6	13	1938			0	0|0|1|1|5|3|2|2|2|1|6|2|4
longhe01	longhe01h	0	19	6	1936			0	19|0|0|0|0|0
dunlafr01	dunlafr01h	0	3	1	1936			0	3
bellja01	bellja01h	0	0	1	2009			0	0
bakerdu01	bakerdu01h	0	1	1	1992			0	1
pafkoan01	pafkoan01h	0	1	2	1966			0	1|0
groatdi01	groatdi01h	0	2	6	1973			0	2|1|1|2|1|1
bluelu01	bluelu01h	0	0	1	1954			0	0
maddoga01	maddoga01h	0	0	1	1992			0	0
scottge02	scottge02h	0	0	2	1985			0	0|0
moneydo01	moneydo01h	0	0	1	1989			0	0
traynpi01	traynpi01h	1	77	8	1936	1948	BBWAA	0	7|1|4|19|33|32|74|77
mazerbi01	mazerbi01h	1	42	16	1978	2001	Veterans	0	6|8|9|9|7|13|18|22|24|30|33|30|30|32|42
willine01	willine01h	0	3	1	1936			0	3
daviser01	daviser01h	0	1	1	2007			0	1
murphda02	murphda02h	0	0	2	1937			0	0|0
coopece01	coopece01h	0	0	1	1993			0	0
henrito01	henrito01h	0	21	10	1952			0	2|4|1|4|4|2|6|8|15|21
joynewa01	joynewa01h	0	0	1	2007			0	0
wardjo01	wardjo01h	1	4	2	1936	1964	Veterans	0	4
dykesji01	dykesji01h	0	10	11	1948			0	4|5|1|1|2|2|0|1|10|10|4
huggimi01	huggimi01h	0	64	1	1946			0	64
bottoji01	bottoji01h	1	33	13	1948	1974	Veterans	0	3|5|5|3|3|4|6|10|22|21|33|13
cuccito01	cuccito01h	0	1	2	1956			0	1|1
kammwi01	kammwi01h	0	1	2	1958			0	1|0
fairlro01	fairlro01h	0	1	2	1984			0	0|1
furilca01	furilca01h	0	1	5	1966			0	1|1|1|1|1
mccorfr01	mccorfr01h	0	3	4	1956			0	2|1|3|1
anderbr01	anderbr01h	0	0	1	2008			0	0
whitefr01	whitefr01h	0	4	1	1996			0	4
yorkru01	yorkru01h	0	5	2	1962			0	1|5
greensh01	greensh01h	0	0	1	2013			0	0
ritchcl01	ritchcl01h	0	0	1	1945			0	0
vernomi01	vernomi01h	0	25	15	1966			0	7|5|8|6|3|3|3|6|7|6|13|14|17|20|25
holmeto01	holmeto01h	0	1	2	1958			0	1|1
cirilje01	cirilje01h	0	0	1	2013			0	0
cavarph01	cavarph01h	0	36	12	1962			0	1|11|3|5|8|11|17|23|15|19|17|36
griffke01	griffke01h	0	5	1	1997			0	5
mcinnst01	mcinnst01h	0	5	7	1937			0	0|2|1|4|5|1|1
surhobj01	surhobj01h	0	0	1	2011			0	0
guerrpe01	guerrpe01h	0	1	1	1998			0	1
frymatr01	frymatr01h	0	0	1	2008			0	0
camparo01	camparo01h	1	79	5	1964	1969	BBWAA	0	69|65|70|72|79
mcmulke01	mcmulke01h	0	0	1	1983			0	0
mcgeewi01	mcgeewi01h	0	5	2	2005			0	5|2
gantro01	gantro01h	0	0	1	2009			0	0
keltnke01	keltnke01h	0	0	2	1958			0	0|0
thompro01	thompro01h	0	0	1	2002			0	0
mcmanma01	mcmanma01h	0	1	2	1958			0	1|1
burgesm01	burgesm01h	0	1	2	1973			0	0|1
caminke01	caminke01h	0	0	1	2007			0	0
thomsbo01	thomsbo01h	0	5	14	1966			0	4|3|5|2|1|1|3|1|2|3|2|3|1|3
moseswa01	moseswa01h	0	2	6	1958			0	0|0|1|1|2|2
mondari01	mondari01h	0	0	1	1990			0	0
hebneri01	hebneri01h	0	0	1	1991			0	0
elberki01	elberki01h	0	1	5	1936			0	0|0|1|0|1
seymocy01	seymocy01h	0	0	1	1945			0	0
cravaga01	cravaga01h	0	1	5	1937			0	1|1|1|0|1
jordabr01	jordabr01h	0	0	1	2012			0	0
torgeea01	torgeea01h	0	1	1	1967			0	1
cartyri01	cartyri01h	0	0	1	1985			0	0
huntro01	huntro01h	0	0	1	1980			0	0
rivermi01	rivermi01h	0	0	1	1990			0	0
grantge01	grantge01h	0	0	1	1958			0	0
kluszte01	kluszte01h	0	14	15	1967			0	3|5|3|3|3|3|4|8|9|13|14|13|13|13|14
youngro01	youngro01h	1	22	18	1936	1972	Veterans	0	4|8|15|12|19|9|12|22|16|13|10|15|15|12|13|19|10
stephri01	stephri01h	0	1	4	1956			0	1|0|1|1
murcebo01	murcebo01h	0	1	1	1989			0	1
dimagdo01	dimagdo01h	0	11	9	1960			0	1|1|6|3|4|5|4|9|11
peskyjo01	peskyjo01h	0	0	1	1960			0	0
marioma01	marioma01h	0	40	12	1956			0	1|14|10|25|28|31|31|33|40|34|30|33
galaran01	galaran01h	0	4	1	2010			0	4
pippwa01	pippwa01h	0	0	1	1958			0	0
ennisde01	ennisde01h	0	1	2	1966			0	1|1
russebi01	russebi01h	0	1	1	1992			0	1
steinha01	steinha01h	0	0	3	1937			0	0|0|0
jurgebi01	jurgebi01h	0	1	2	1949			0	1|0
vaughgr01	vaughgr01h	0	0	1	2009			0	0
speiech01	speiech01h	0	0	1	1995			0	0
lathaar01	lathaar01h	0	1	3	1936			0	1|0|0
hargrmi01	hargrmi01h	0	0	1	1991			0	0
beaumgi01	beaumgi01h	0	0	4	1938			0	0|0|0|0
matthga01	matthga01h	0	0	1	1993			0	0
hafeych01	hafeych01h	1	11	13	1948	1971	Veterans	0	1|1|2|0|0|1|1|2|8|5|11|4
bonilbo01	bonilbo01h	0	0	1	2007			0	0
ferreri01	ferreri01h	1	1	4	1956	1984	Veterans	0	1|0|0
lopezja01	lopezja01h	0	0	1	2012			0	0
garneph01	garneph01h	0	0	1	1994			0	0
donlimi01	donlimi01h	0	3	4	1937			0	3|2|2|0
grissma02	grissma02h	0	1	1	2011			0	1
mondera01	mondera01h	0	0	1	2011			0	0
tettlmi01	tettlmi01h	0	0	1	2003			0	0
coopewa01	coopewa01h	0	14	10	1968			0	3|1|3|2|2|2|2|4|14|12
westsa01	westsa01h	0	1	1	1948			0	1
chapmra01	chapmra01h	0	0	1	1938			0	0
mitchke01	mitchke01h	0	0	1	2004			0	0
hendrge01	hendrge01h	0	0	1	1994			0	0
martiti02	martiti02h	0	1	1	2011			0	1
millebi02	millebi02h	0	2	2	1958			0	0|2
bailebo01	bailebo01h	0	0	1	1984			0	0
crandde01	crandde01h	0	4	4	1976			0	4|2|2|2
schalra01	schalra01h	0	45	16	1936			0	2|12|17|13|23|13|18|31|18|16|10|16|19|20|21|45
mccarti01	mccarti01h	0	4	1	1986			0	4
valoel01	valoel01h	0	1	1	1967			0	1
baylodo01	baylodo01h	0	3	2	1994			0	3|3
puhlte01	puhlte01h	0	0	1	1997			0	0
lindsfr01	lindsfr01h	1	4	6	1949	1976	Veterans	0	1|2|2|2|4
bluegos01	bluegos01h	0	2	6	1948			0	2|1|0|1|1|1
watsobo01	watsobo01h	0	1	1	1990			0	1
pendlte01	pendlte01h	0	0	1	2004			0	0
whitero02	whitero02h	0	0	1	2013			0	0
tovarce01	tovarce01h	0	0	1	1982			0	0
menkede01	menkede01h	0	0	1	1980			0	0
steinte01	steinte01h	0	0	1	2005			0	0
barnero01	barnero01h	0	4	1	1936			0	4
mcraeha01	mcraeha01h	0	0	1	1993			0	0
jenseja01	jenseja01h	0	1	6	1967			0	1|1|0|0|1|0
boyercl02	boyercl02h	0	1	2	1978			0	0|1
meusebo01	meusebo01h	0	5	11	1937			0	0|0|0|5|2|1|0|1|1|2|4
templga01	templga01h	0	0	1	1997			0	0
hendeda01	hendeda01h	0	0	1	2000			0	0
johnsda02	johnsda02h	0	1	1	1984			0	1
higgipi01	higgipi01h	0	2	4	1950			0	1|0|2|1
sanguma01	sanguma01h	0	0	1	1986			0	0
herzobu01	herzobu01h	0	0	1	1938			0	0
wertzvi01	wertzvi01h	0	1	9	1970			0	1|1|1|1|1|1|1|1|1
chambch01	chambch01h	0	0	1	1994			0	0
cardele01	cardele01h	0	0	2	1981			0	0|0
boonebo01	boonebo01h	0	8	5	1996			0	8|6|5|5|4
davissp01	davissp01h	0	1	2	1948			0	1|1
santibe01	santibe01h	0	0	1	2011			0	0
odoulle01	odoulle01h	0	17	10	1948			0	3|3|5|6|8|4|3|10|17|8
mayle01	mayle01h	0	1	1	1988			0	1
vaughmo01	vaughmo01h	0	1	1	2009			0	1
howarel01	howarel01h	0	21	15	1974			0	5|6|14|11|11|7|8|21|10|9|11|14|12|11|12
kleskry01	kleskry01h	0	0	1	2013			0	0
kuheljo01	kuheljo01h	0	1	1	1956			0	1
bauerha01	bauerha01h	0	8	1	1967			0	8
hortowi01	hortowi01h	0	1	1	1986			0	1
oglivbe01	oglivbe01h	0	0	1	1992			0	0
brutobi01	brutobi01h	0	0	1	1971			0	0
luzingr01	luzingr01h	0	0	1	1990			0	0
sauerha01	sauerha01h	0	1	1	1966			0	1
kuennha01	kuennha01h	0	39	15	1977			0	15|15|15|22|23|15|21|26|32|34|35|39|26|24|23
barryja01	barryja01h	0	1	2	1938			0	1|0
greenmi01	greenmi01h	0	0	1	2002			0	0
harpeto01	harpeto01h	0	0	1	1982			0	0
sievero01	sievero01h	0	1	2	1971			0	1|1
hemusso01	hemusso01h	0	0	1	1966			0	0
mcmilro01	mcmilro01h	0	2	3	1972			0	2|1|1
cashda01	cashda01h	0	0	1	1986			0	0
rudijo01	rudijo01h	0	0	1	1988			0	0
ageeto01	ageeto01h	0	0	1	1979			0	0
dempsri01	dempsri01h	0	0	1	1998			0	0
saxst01	saxst01h	0	0	1	2000			0	0
wrighgl01	wrighgl01h	0	7	12	1948			0	2|1|1|0|0|1|0|2|2|3|7|1
kellyge01	kellyge01h	1	2	8	1947	1973	Veterans	0	1|2|1|1|1|2|1
werbebi01	werbebi01h	0	1	4	1949			0	1|1|0|1
krukjo01	krukjo01h	0	0	1	2001			0	0
ziskri01	ziskri01h	0	0	1	1989			0	0
klingjo01	klingjo01h	0	10	9	1936			0	4|10|10|5|6|5|10|2|0
hislela01	hislela01h	0	0	1	1988			0	0
doyleja01	doyleja01h	0	1	1	1936			0	1
maybejo01	maybejo01h	0	0	1	1988			0	0
moonwa01	moonwa01h	0	1	1	1971			0	1
penato01	penato01h	0	0	1	2003			0	0
bumbral01	bumbral01h	0	0	1	1991			0	0
paskedo01	paskedo01h	0	0	1	1937			0	0
raderdo02	raderdo02h	0	0	1	1983			0	0
alleyge01	alleyge01h	0	0	1	1979			0	0
oneilst01	oneilst01h	0	5	7	1948			0	2|4|1|1|4|5|4
mostijo01	mostijo01h	0	1	2	1956			0	1|0
thornan01	thornan01h	0	0	1	1993			0	0
wanerll01	wanerll01h	1	23	10	1949	1967	Veterans	0	2|1|0|1|9|15|8|3|23
fosteed02	fosteed02h	0	1	1	1938			0	1
briggjo02	briggjo02h	0	0	1	1981			0	0
rayjo01	rayjo01h	0	0	1	1996			0	0
crosefr01	crosefr01h	0	5	6	1950			0	1|0|1|2|3|5
muellbi02	muellbi02h	0	1	1	2012			0	1
schulfr01	schulfr01h	0	0	1	1937			0	0
rolfere01	rolfere01h	0	5	8	1950			0	4|3|2|2|2|5|4|1
tayloto02	tayloto02h	0	0	1	1982			0	0
alouma01	alouma01h	0	1	1	1980			0	1
wrighge01	wrighge01h	0	8	1	1936			0	8
tartada01	tartada01h	0	0	1	2003			0	0
suhrgu01	suhrgu01h	0	1	3	1956			0	1|0|0
gamblos01	gamblos01h	0	0	1	1991			0	0
higgibo02	higgibo02h	0	0	1	2011			0	0
langebi01	langebi01h	0	8	2	1936			0	8|0
buhneja01	buhneja01h	0	0	1	2007			0	0
daultda01	daultda01h	0	0	1	2003			0	0
loberha01	loberha01h	0	1	4	1937			0	1|0|1|0
zimmech01	zimmech01h	0	0	1	1938			0	0
chaseha01	chaseha01h	0	9	2	1936			0	5|9
burleri01	burleri01h	0	0	1	1993			0	0
boonebr01	boonebr01h	0	0	1	2011			0	0
austiji01	austiji01h	0	0	1	1958			0	0
bowala01	bowala01h	0	2	1	1991			0	2
johnsch04	johnsch04h	0	0	1	2011			0	0
mcbriba01	mcbriba01h	0	0	1	1989			0	0
selkige01	selkige01h	0	1	6	1948			0	1|1|1|1|0|0
johnsho01	johnsho01h	0	0	1	2001			0	0
northji01	northji01h	0	0	2	1981			0	0|0
reisepe01	reisepe01h	0	3	2	1958			0	2|3
conrowi01	conrowi01h	0	0	1	1945			0	0
hornebo01	hornebo01h	0	0	1	1994			0	0
kennete02	kennete02h	0	0	1	1997			0	0
irvinmo01	irvinmo01h	1	\N	1	1973	1973	Negro League	0	\N
lewisdu01	lewisdu01h	0	14	9	1937			0	1|2|2|0|1|5|8|8|14
carrach01	carrach01h	0	0	1	1966			0	0
fergujo01	fergujo01h	0	0	1	1989			0	0
southbi01	southbi01h	0	7	8	1945			0	0|0|5|1|2|0|1|7
guilloz01	guilloz01h	0	1	1	2006			0	1
dennyje01	dennyje01h	0	8	1	1936			0	8
cardejo02	cardejo02h	0	0	1	1986			0	0
mcveyca01	mcveyca01h	0	1	1	1936			0	1
davisto02	davisto02h	0	1	1	1982			0	1
harrebu01	harrebu01h	0	0	1	1986			0	0
stengca01	stengca01h	0	2	1	1949			0	2
lowebo01	lowebo01h	0	1	3	1936			0	1|0|1
severha01	severha01h	0	1	1	1948			0	1
bellge02	bellge02h	0	1	1	1999			0	1
ofarrbo01	ofarrbo01h	0	2	3	1950			0	2|1|1
thomago01	thomago01h	0	0	1	1992			0	0
burnije01	burnije01h	0	0	1	2012			0	0
virdobi01	virdobi01h	0	1	2	1974			0	1|0
stearjo01	stearjo01h	0	0	1	1990			0	0
baergca01	baergca01h	0	0	1	2011			0	0
claytro01	claytro01h	0	0	1	2013			0	0
coninje01	coninje01h	0	0	1	2013			0	0
washicl01	washicl01h	0	0	1	1996			0	0
jeffegr01	jeffegr01h	0	0	1	2006			0	0
cartejo01	cartejo01h	0	4	1	2004			0	4
zeileto01	zeileto01h	0	0	1	2010			0	0
castivi02	castivi02h	0	1	1	2012			0	1
peitzhe01	peitzhe01h	0	0	1	1939			0	0
moorete01	moorete01h	0	12	8	1950			0	1|0|5|3|1|7|1|12
meltobi01	meltobi01h	0	0	1	1983			0	0
younger01	younger01h	0	0	1	2012			0	0
hargrbu01	hargrbu01h	0	1	3	1947			0	1|0|0
ruelmu01	ruelmu01h	0	8	10	1946			0	0|2|0|0|3|2|4|8|4|3
milledo02	milledo02h	0	1	1	1948			0	1
gowdyha01	gowdyha01h	0	36	17	1937			0	1|3|1|3|1|1|2|7|4|12|15|22|20|36|25|17|14
jonescl01	jonescl01h	0	0	1	1982			0	0
yeagest01	yeagest01h	0	0	1	1992			0	0
hattogr01	hattogr01h	0	1	2	1966			0	1|0
lockmwh01	lockmwh01h	0	1	1	1966			0	1
burroje01	burroje01h	0	0	1	1991			0	0
motama01	motama01h	0	4	2	1988			0	4|2
millafe01	millafe01h	0	0	1	1983			0	0
chapmsa01	chapmsa01h	0	0	1	1958			0	0
martipe01	martipe01h	0	17	14	1942			0	1|0|0|6|10|4|8|13|16|4|17|11|4|9
dentbu01	dentbu01h	0	1	1	1990			0	1
kingmda01	kingmda01h	0	1	1	1992			0	1
stanlmi01	stanlmi01h	0	0	1	1984			0	0
fieldce01	fieldce01h	0	0	1	2004			0	0
valenel01	valenel01h	0	0	1	1991			0	0
moorejo02	moorejo02h	0	1	1	1950			0	1
samueju01	samueju01h	0	0	1	2004			0	0
unserde01	unserde01h	0	0	1	1988			0	0
nixonot01	nixonot01h	0	0	1	2005			0	0
kressre01	kressre01h	0	1	2	1958			0	0|1
lopezal01	lopezal01h	0	39	3	1949			0	1|28|39
sierrru01	sierrru01h	0	0	1	2012			0	0
stahlja01	stahlja01h	0	0	2	1938			0	0|0
weisswa01	weisswa01h	0	0	1	2006			0	0
murrare01	murrare01h	0	0	2	1937			0	0|0
mccarto01	mccarto01h	1	1	2	1936	1946	Old Timers	0	1
scottev01	scottev01h	0	3	14	1937			0	1|1|0|0|1|2|2|2|1|2|2|2|3|1
davalvi01	davalvi01h	0	0	1	1986			0	0
adamssp01	adamssp01h	0	0	2	1958			0	0|0
nevinph01	nevinph01h	0	0	1	2012			0	0
brosisc01	brosisc01h	0	0	1	2007			0	0
danniha01	danniha01h	0	0	2	1958			0	0|0
parrila01	parrila01h	0	0	1	1994			0	0
beckegl01	beckegl01h	0	0	1	1981			0	0
clarkho01	clarkho01h	0	0	1	1980			0	0
powervi01	powervi01h	0	1	2	1971			0	1|1
berryke01	berryke01h	0	0	1	1981			0	0
casege01	casege01h	0	1	4	1958			0	0|0|1|1
harribu01	harribu01h	0	7	1	1949			0	7
groteje01	groteje01h	0	0	1	1987			0	0
critzhu01	critzhu01h	0	1	1	1956			0	1
bladera01	bladera01h	0	0	2	1958			0	0|0
northro01	northro01h	0	0	1	1964			0	0
edwarjo01	edwarjo01h	0	0	1	1980			0	0
bucknbi01	bucknbi01h	0	2	1	1996			0	2
bodiepi01	bodiepi01h	0	1	2	1937			0	1|1
schaapa01	schaapa01h	0	0	1	1980			0	0
remyje01	remyje01h	0	0	1	1990			0	0
smithea02	smithea02h	0	1	2	1948			0	1|1
dauerri01	dauerri01h	0	0	1	1991			0	0
adamsbo03	adamsbo03h	0	0	1	1966			0	0
pikeli01	pikeli01h	0	1	1	1936			0	1
fonsele01	fonsele01h	0	1	5	1948			0	1|1|1|1|1
reichri01	reichri01h	0	0	1	1980			0	0
howear01	howear01h	0	0	1	1991			0	0
robinwi01	robinwi01h	0	8	1	1936			0	8
alomasa02	alomasa02h	0	3	1	2013			0	3
hinchbi01	hinchbi01h	0	0	1	1937			0	0
sweenbi02	sweenbi02h	0	0	1	1945			0	0
grimmch01	grimmch01h	0	10	12	1939			0	0|0|0|5|7|8|4|3|3|10|5|1
eisenji01	eisenji01h	0	1	1	2004			0	1
morriha02	morriha02h	0	1	1	2006			0	1
hickmji02	hickmji02h	0	0	1	1980			0	0
schreos01	schreos01h	0	1	3	1937			0	1|1|1
knighra01	knighra01h	0	0	1	1994			0	0
geronce01	geronce01h	0	0	1	1989			0	0
grossgr01	grossgr01h	0	0	1	1995			0	0
simsdu01	simsdu01h	0	0	1	1980			0	0
brookhu01	brookhu01h	0	0	1	2000			0	0
wittwh01	wittwh01h	0	1	1	1949			0	1
milnejo01	milnejo01h	0	0	1	1988			0	0
pinielo01	pinielo01h	0	0	1	1990			0	0
haasmu01	haasmu01h	0	1	4	1955			0	0|1|0|0
colemvi01	colemvi01h	0	1	1	2003			0	1
westrwe01	westrwe01h	0	1	1	1964			0	1
carribi02	carribi02h	0	2	4	1937			0	2|2|1|1
bigbeca01	bigbeca01h	0	1	1	1948			0	1
hundlra01	hundlra01h	0	0	1	1983			0	0
mancugu01	mancugu01h	0	0	1	1958			0	0
dunstsh01	dunstsh01h	0	0	1	2008			0	0
jordati01	jordati01h	0	0	1	1951			0	0
lavagco01	lavagco01h	0	2	2	1958			0	2|1
disarga01	disarga01h	0	0	1	2006			0	0
trillma01	trillma01h	0	0	1	1995			0	0
mcleala01	mcleala01h	0	0	1	1937			0	0
walkeha01	walkeha01h	0	0	1	1958			0	0
collish01	collish01h	0	0	1	1937			0	0
howelro02	howelro02h	0	0	1	1990			0	0
crigelo01	crigelo01h	0	8	5	1936			0	3|8|4|1|3
mayca01	mayca01h	0	0	1	1983			0	0
walketo04	walketo04h	0	0	1	2013			0	0
roberda01	roberda01h	0	0	1	1953			0	0
seguida01	seguida01h	0	0	1	2010			0	0
karroer01	karroer01h	0	0	1	2010			0	0
edwarha01	edwarha01h	0	1	1	1960			0	1
tolanbo01	tolanbo01h	0	0	1	1985			0	0
lowenjo01	lowenjo01h	0	0	1	1991			0	0
brownga01	brownga01h	0	0	2	1981			0	0|0
coxbi02	coxbi02h	0	1	1	1962			0	1
johnsal01	johnsal01h	0	0	1	1982			0	0
leonaje01	leonaje01h	0	0	1	1996			0	0
pepitjo01	pepitjo01h	0	0	1	1979			0	0
knabeot01	knabeot01h	0	0	2	1939			0	0|0
allenbe01	allenbe01h	0	0	1	1979			0	0
duganjo01	duganjo01h	0	3	7	1937			0	0|0|2|1|1|2|3
jorgemi01	jorgemi01h	0	0	1	1991			0	0
rojasco01	rojasco01h	0	0	1	1983			0	0
gelbech01	gelbech01h	0	1	4	1947			0	1|1|1|0
wilsoji01	wilsoji01h	0	9	12	1948			0	7|4|2|1|3|4|3|5|9|1|2|3
irwinch01	irwinch01h	0	0	2	1938			0	0|0
schaege01	schaege01h	0	0	2	1942			0	0|0
bailobo01	bailobo01h	0	0	1	1991			0	0
kessido01	kessido01h	0	1	1	1985			0	1
cruiswa01	cruiswa01h	0	0	1	1938			0	0
cramedo01	cramedo01h	0	6	5	1956			0	2|1|0|1|6
helmsto01	helmsto01h	0	0	1	1983			0	0
richabo01	richabo01h	0	2	3	1972			0	2|1|1
gustifr01	gustifr01h	0	1	1	1958			0	1
leachfr01	leachfr01h	0	1	2	1958			0	1|0
maxvida01	maxvida01h	0	0	1	1981			0	0
flintsi01	flintsi01h	0	0	1	1936			0	0
robinbi02	robinbi02h	0	0	1	1989			0	0
comisch01	comisch01h	0	8	1	1936			0	8
courtcl01	courtcl01h	0	0	1	1967			0	0
gonzami01	gonzami01h	0	1	5	1950			0	1|0|0|1|1
moranpa01	moranpa01h	0	0	4	1937			0	0|0|0|0
perkicy01	perkicy01h	0	1	1	1958			0	1
allisdo01	allisdo01h	0	1	1	1936			0	1
brownla01	brownla01h	0	0	1	1980			0	0
yerkest02	yerkest02h	0	0	1	1945			0	0
cannich01	cannich01h	0	0	1	1980			0	0
johnsde01	johnsde01h	0	0	1	1982			0	0
battijo01	battijo01h	0	1	1	1936			0	1
thomair01	thomair01h	0	0	1	1938			0	0
youngpe01	youngpe01h	0	0	1	1958			0	0
sullibi03	sullibi03h	0	0	3	1936			0	0|0|0
whitebu01	whitebu01h	0	1	1	1956			0	1
milleha01	milleha01h	0	0	1	1937			0	0
paganjo01	paganjo01h	0	0	1	1979			0	0
mackco01	mackco01h	0	0	1	1936			0	0
archeji01	archeji01h	0	3	3	1937			0	3|3|1
bicheda01	bicheda01h	0	1	1	2007			0	1
berrych02	berrych02h	0	1	2	1955			0	0|1
ricede01	ricede01h	0	1	1	1966			0	1
mayje01	mayje01h	0	0	1	1979			0	0
durocle01	durocle01h	0	7	2	1949			0	1|7
wathajo01	wathajo01h	0	0	1	1991			0	0
tebbebi01	tebbebi01h	0	3	2	1958			0	3|0
kraneed01	kraneed01h	0	0	1	1985			0	0
granted01	granted01h	0	1	5	1938			0	0|1|1|1|0
remseja01	remseja01h	0	1	1	1936			0	1
streega01	streega01h	0	0	3	1937			0	0|0|0
sewellu01	sewellu01h	0	1	4	1948			0	1|1|1|1
dooinre01	dooinre01h	0	0	2	1937			0	0|0
wambsbi01	wambsbi01h	0	2	6	1942			0	0|1|0|2|2|1
heganji01	heganji01h	0	2	2	1966			0	2|1
killebi01	killebi01h	0	0	1	1946			0	0
boleyjo01	boleyjo01h	0	0	1	1942			0	0
mckecbi01	mckecbi01h	0	1	1	1946			0	1
summech01	summech01h	0	0	1	1990			0	0
dropowa01	dropowa01h	0	0	1	1967			0	0
martibi02	martibi02h	0	0	1	1967			0	0
smallro01	smallro01h	0	0	1	1964			0	0
spencji01	spencji01h	0	0	1	1988			0	0
stahlla01	stahlla01h	0	0	1	1979			0	0
crowlte01	crowlte01h	0	0	1	1989			0	0
gagliph01	gagliph01h	0	0	1	1980			0	0
gosgeji01	gosgeji01h	0	0	1	1980			0	0
womacto01	womacto01h	0	0	1	2012			0	0
reeseri01	reeseri01h	0	0	1	1979			0	0
harrile01	harrile01h	0	0	1	2011			0	0
sistisi01	sistisi01h	0	0	1	1960			0	0
jacksso01	jacksso01h	0	0	1	1980			0	0
montawi01	montawi01h	0	0	1	1988			0	0
paborch01	paborch01h	0	1	1	1936			0	1
cissebi01	cissebi01h	0	0	1	1937			0	0
milleno01	milleno01h	0	0	1	1980			0	0
lockebo01	lockebo01h	0	0	1	1981			0	0
alouje01	alouje01h	0	0	1	1985			0	0
koscoan01	koscoan01h	0	0	1	1980			0	0
sukefcl01	sukefcl01h	0	0	1	1958			0	0
dyered01	dyered01h	0	1	1	1947			0	1
schacal01	schacal01h	0	2	4	1939			0	0|2|2|1
moraljo01	moraljo01h	0	0	1	1990			0	0
olearch01	olearch01h	0	0	3	1953			0	0|0|0
francju02	francju02h	0	1	1	2013			0	1
bergema01	bergema01h	0	1	3	1937			0	1|0|0
stephjo03	stephjo03h	0	0	1	1979			0	0
ensje01	ensje01h	0	1	1	1950			0	1
stewaji01	stewaji01h	0	0	1	1979			0	0
kennejo03	kennejo03h	0	0	1	1980			0	0
