ALB01	Riverside Park	1880-09-11	1882-05-30	0	7	-73.75	42.64	Albany	NY	US								TRN (7:1880-1882 alt)	Riverside Park (1880-1882)	TRN played 6 games here as an alternate (neutral) site from 1880-09-11 until 1882-05-18
ALB02	Greenbush Grounds	1882-05-30	1882-05-30	0	1	NULL	NULL	Rensselaer	NY	US								TRN (1882-1882) [alt]	Greenbush Grounds (1882-1882)	TRN played 1 games here as an alternate (neutral) site from 1882-05-30 until 1882-05-30
ALT01	Columbia Park (Altoona)	1884-04-30	1884-05-31	0	18	-78.41	40.49	Altoona	PA	US								ALT (18:1884-1884)	Columbia Park (Altoona) (1884-1884); Columbia Park (1884-1884)	
ANA01	Angel Stadium of Anaheim	1966-04-19	2013-09-25	1	3836	-117.88	33.8	Anaheim	CA	US	92806	2000 Gene Autry Way		(714) 940-2000	angelsbaseball.com		logo_ana_79x76.jpg	CAL (2457:1966-1996); ANA (1379:1997-now)	Angel Stadium of Anaheim (2004-now); Anaheim Stadium (1966-1996); Edison International Field of Anaheim (1997-2003); Edison International Field; Edison Field; Angels Stadium of Anaheim; Angel Stadium	
ARL01	Arlington Stadium	1972-04-21	1993-10-03	0	1750	-97.08	32.76	Arlington	TX	US								TEX (1750:1972-1993)	Arlington Stadium (1972-1993)	
ARL02	Globe Life Park	1994-04-11	2013-09-30	1	1595	-97.08	32.75	Arlington	TX	US	76011	1000 Ballpark Way		(817) 273-5222	texasrangers.com		logo_tex_79x76.jpg	TEX (1595:1994-now)	Globe Life Park in Arlington (2014-now); Rangers Ballpark in Arlington (2007-2013); Ameriquest Field in Arlington (2004-2007); The Ballpark in Arlington (1994-2003); The Ballpark at Arlington; Ameriquest Field	
ATL01	Atlanta-Fulton County Stadium	1966-04-12	1996-09-23	0	2435	-84.39	33.74	Atlanta	GA	US								ATL (2435:1966-1996)	Atlanta-Fulton County Stadium (1975-1996); Atlanta Stadium (1966-1974)	
ATL02	Turner Field	1997-04-04	2013-09-29	1	1377	-84.39	33.74	Atlanta	GA	US	30315	755 Hank Aaron Drive		(404) 522-7630	braves.com		logo_atl_79x76.jpg	ATL (1377:1997-now)	Turner Field (1997-now)	
BAL01	Madison Avenue Grounds	1871-07-08	1871-07-08	0	1	-76.63	39.31	Baltimore	MD	US								WS3 (1:1871-1871 alt)	Madison Avenue Grounds (1871-1873); Newington Park	WS3 played 1 games here as an alternate (neutral) site from 1871-07-08 until 1871-07-08
BAL02	Newington Park	1872-04-22	1882-09-30	0	112	-76.64	39.31	Baltimore	MD	US								BL4 (1:1873-1873); BL2 (33:1882-1882); BL1 (76:1872-1874); WS6 (2:1875-1875 alt)	Newington Park (1872-1882)	WS6 played 1 games here as an alternate (neutral) site from 1875-06-09 until 1875-06-09
BAL03	Oriole Park I	1883-05-01	1888-10-13	0	352	-76.61	39.32	Baltimore	MD	US								BL2 (352:1883-1888)	Oriole Park I (1883-1889); Oriole Park	
BAL04	Belair Lot	1884-04-17	1884-09-24	0	50	-76.6	39.29	Baltimore	MD	US								BLU (49:1884-1884); CHU (1:1884-1884 alt)	Belair Lot (1884-1884)	CHU played 1 games here as an alternate (neutral) site from 1884-09-17 until 1884-09-17
BAL05	Monumental Park	1884-08-25	1884-08-25	0	1	-76.61	39.29	Baltimore	MD	US								BLU (1:1884-1884 alt)	Monumental Park (1884-1884)	BLU played 1 games here as an alternate (neutral) site from 1884-08-25 until 1884-08-25
BAL06	Oriole Park II	1889-04-18	1891-05-09	0	103	-76.61	39.32	Baltimore	MD	US								BL2 (67:1889-1889); BL3 (36:1890-1891 alt)	Oriole Park II (1890-1891); Oriole Park	
BAL07	Oriole Park III	1891-05-11	1899-10-10	0	616	-76.61	39.32	Baltimore	MD	US								BLN (560:1892-1899); BL3 (56:1891-1891)	Oriole Park III (1891-1899); Oriole Park; Union Park; Baltimore Baseball and Exhibition Grounds	
BAL09	Oriole Park IV	1901-04-26	1902-09-29	0	130	-76.61	39.32	Baltimore	MD	US								BLA (130:1901-1902)	Oriole Park IV (1901-1902); Oriole Park; American League Park	
BAL10	Terrapin Park	1914-04-13	1915-10-02	0	158	-76.61	39.32	Baltimore	MD	US								BLF (158:1914-1915)	Terrapin Park (1914-1915); Oriole Park; Oriole Park V	
BAL11	Memorial Stadium	1954-04-15	1991-10-06	0	3006	-76.6	39.33	Baltimore	MD	US								BAL (3006:1954-1991)	Memorial Stadium (1954-1991)	
BAL12	Oriole Park at Camden Yards	1992-04-06	2013-09-29	1	1746	-76.62	39.28	Baltimore	MD	US	21201	333 West Camden Street		(410) 685-9800	orioles.com		logo_bal_79x76.jpg	BAL (1746:1992-now)	Oriole Park at Camden Yards (1992-now)	
BOS01	South End Grounds I	1871-05-16	1887-09-10	0	685	-71.09	42.34	Boston	MA	US								BSN (550:1876-1887); BS1 (134:1871-1875); HR1 (1:1874-1874 alt)	South End Grounds I (1871-1887); Walpole Street Grounds	HR1 played 1 games here as an alternate (neutral) site from 1874-08-12 until 1874-08-12
BOS02	Dartmouth Grounds	1884-04-30	1884-09-24	0	57	-71.1	42.32	Boston	MA	US								BSU (57:1884-1884)	Dartmouth Grounds (1884-1884); Union Park	BSN:5/16 to 6/20/1894
BOS03	South End Grounds II	1888-05-25	1894-05-14	0	420	-71.09	42.34	Boston	MA	US								BSN (420:1888-1894 alt)	South End Grounds II (1888-1894)	
BOS04	Congress Street Grounds	1890-04-19	1894-06-20	0	167	-71.05	42.35	Boston	MA	US								BSP (70:1890-1890); BS2 (70:1891-1891); BSN (27:1894-1894 alt)	Congress Street Grounds (1890-1894)	BS2:1891
BOS05	South End Grounds III	1894-07-20	1914-08-11	0	1489	-71.09	42.34	Boston	MA	US								BSN (1489:1894-1914)	South End Grounds III (1894-1914)	
BOS06	Huntington Avenue Baseball Grounds	1901-05-08	1911-10-07	0	831	-71.09	42.34	Boston	MA	US								BOS (831:1901-1911)	Huntington Avenue Baseball Grounds (1901-1911); Huntington Avenue Grounds	
BOS07	Fenway Park	1912-04-20	2013-09-22	1	8013	-71.1	42.35	Boston	MA	US	02215	4 Yawkey Way		(617) 267-9440	redsox.com		logo_bos_79x76.jpg	BOS (7926:1912-now); BSN (87:1913-1946 alt)	Fenway Park (1912-now); Fenway Park II; Fenway Park I	BSN played 52 games here as an alternate (neutral) site from 1915-04-14 until 1915-07-26: Delay in the opening of Braves Field | BSN played 31 games here as an altern
BOS08	Braves Field	1915-08-18	1952-09-21	0	2871	-71.12	42.35	Boston	MA	US								BSN (2811:1915-1952 alt); BOS (60:1916-1932 alt)	Braves Field (1915-1952); Bee Hive	BOS played 52 games here as an alternate (neutral) site from 1929-04-28 until 1932-05-29: Alternate park for Sunday and/or holiday games | BOS played 2 games here as 
BUF01	Riverside Grounds	1879-05-01	1883-09-08	0	212	-78.89	42.91	Buffalo	NY	US								BFN (212:1879-1883)	Riverside Grounds (1879-1883); Riverside Park	
BUF02	Olympic Park I	1884-05-21	1885-10-07	0	108	-78.88	42.91	Buffalo	NY	US								BFN (108:1884-1885)	Olympic Park I (1884-1885)	
BUF03	Olympic Park II	1890-04-19	1890-10-04	0	65	-78.86	42.91	Buffalo	NY	US								BFP (65:1890-1890)	Olympic Park II (1890-1890)	
BUF04	International Fair Association Grounds	1914-05-11	1915-09-08	0	156	-78.85	42.92	Buffalo	NY	US								BUF (156:1914-1915)	International Fair Association Grounds (1914-1915); Federal League Park	
CAN01	Mahaffey Park	1902-06-15	1903-06-21	0	3	-81.41	40.82	Canton	OH	US								CLE (3:1902-1903 alt)	Mahaffey Park (1890-1903)	PIT played 1 games here as an alternate (neutral) site from 1890-09-18 until 1890-09-18 | CLE played 3 games here as an alternate (neutral) site from 1902-06-15 until
CAN02	Pastime Park	1890-09-18	1890-09-18	0	1	-81.42	40.81	Canton	OH	US								PIT (1:1890-1890 alt)	Pastime Park	1 PIT game
CHI01	White Stocking Grounds	1871-05-08	1871-09-29	0	17	-87.62	41.88	Chicago	IL	US								CH1 (16:1871-1871); RC1 (1:1871-1871 alt)	White Stocking Grounds (1871-1871); Lake Front Park I; Lake Park; Lake Front Park; Union Base-Ball Grounds; Chicago Base-Ball Grounds; Lake Shore Park; Lake Street Dumping Ground; The Dump	RC1 played 1 games here as an alternate (neutral) site from 1871-08-08 until 1871-08-08
CHI02	23rd Street Park	1872-05-29	1877-10-06	0	129	-87.63	41.85	Chicago	IL	US								CHN (60:1876-1877); CH2 (61:1874-1875); TRO (4:1872-1872 alt); PH2 (1:1873-1873 alt); CL1 (2:1872-1872 alt); BS1 (1:1873-1873 alt)	23rd Street Park (1872-1877); 23rd Street Grounds	TRO played 4 games here as an alternate (neutral) site from 1872-06-17 until 1872-07-04 | PH2 played 1 games here as an alternate (neutral) site from 1873-08-19 until
CHI03	White Stocking Park	1878-05-14	1882-09-30	0	208	-87.62	41.88	Chicago	IL	US								CHN (208:1878-1882)	White Stocking Park; Lake Front Park II (1878-1882); Lake Front Park I	
CHI04	Lake Front Park III	1883-05-05	1884-10-11	0	106	-87.62	41.88	Chicago	IL	US								CHN (106:1883-1884)	Lake Front Park III (1883-1884); Lake Front Park II	
CHI05	South Side Park I	1884-05-02	1884-08-01	0	35	-87.62	41.82	Chicago	IL	US								CHU (35:1884-1884)	South Side Park I (1884-1884); Union Grounds; Cricket Club Grounds	
CHI06	West Side Park	1885-06-06	1891-10-02	0	429	-87.66	41.87	Chicago	IL	US								CHN (429:1885-1891 alt)	West Side Park (1885-1891); West Side Park I	CHN:1891(M/W/F)
CHI07	South Side Park II	1890-05-05	1893-05-24	0	181	-87.63	41.83	Chicago	IL	US								CHP (70:1890-1890); CHN (111:1891-1893 alt)	South Side Park II (1890-1893); South Side Park I	CHN:1891(Tu/Th/Sa)
CHI08	West Side Grounds	1893-05-14	1915-10-03	0	1739	-87.67	41.87	Chicago	IL	US								CHN (1738:1893-1915); CL4 (1:1898-1898 alt)	West Side Grounds (1893-1915); West Side Park II	CL4 played 1 games here as an alternate (neutral) site from 1898-10-08 until 1898-10-08 | CHN:1893(Sun) | CHN played 1 games here as an alternate (neutral) site from 
CHI09	South Side Park III	1901-04-24	1910-06-27	0	718	-87.63	41.82	Chicago	IL	US								CHA (718:1901-1910 alt)	South Side Park III (1901-1910); South Side Park II	
CHI10	Comiskey Park I	1910-07-01	1990-09-30	0	6247	-87.63	41.83	Chicago	IL	US								CHA (6247:1910-1990)	Comiskey Park I (1913-1990); White Sox Park II (1910-1912); White Sox Park; Comiskey Park	CHN played 3 games here as an alternate (neutral) site from 1918-09-05 until 1918-09-07: To accommodate large crowd [World Series]
CHI11	Wrigley Field	1914-04-23	2013-09-25	1	7871	-87.66	41.95	Chicago	IL	US	60613-4397	1060 West Addison		(773) 404-2827	cubs.com	loscubs.com	logo_chc_79x76.jpg	CHN (7716:1916-now); CHF (155:1914-1915)	Wrigley Field (1927-now); Weeghman Park (1914-1918); Cubs Park (1919-1926); Wrigley Field (Chicago) (1927-now)	
CHI12	U.S. Cellular Field	1991-04-18	2013-09-29	1	1831	-87.63	41.83	Chicago	IL	US	60616	333 West 35th Street		(312) 674-1000	whitesox.com	loswhitesox.com	logo_cws_79x76.jpg	CHA (1829:1991-now); FLO (2:2004-2004 alt)	U.S. Cellular Field (2003-now); Comiskey Park II (1991-2002); White Sox Park; The Cell	FLO played 2 games here as an alternate (neutral) site from 2004-09-13 until 2004-09-14: Threat of Hurricane Ivan in Miami (did not occur)
CIN01	Lincoln Park Grounds	1871-05-13	1871-07-22	0	3	-84.53	39.11	Cincinnati	OH	US								WS3 (1:1871-1871 alt); CL1 (2:1871-1871 alt)	Lincoln Park Grounds (1871-1871); Union Cricket Club Grounds	WS3 played 1 games here as an alternate (neutral) site from 1871-07-04 until 1871-07-04 | CL1 played 2 games here as an alternate (neutral) site from 1871-05-13 until
CIN02	Avenue Grounds	1876-04-25	1879-08-27	0	132	-84.55	39.14	Cincinnati	OH	US								CN1 (132:1876-1879)	Avenue Grounds (1876-1879)	First Ladies Day (1876)
CIN03	Bank Street Grounds	1880-05-01	1884-10-15	0	185	-84.54	39.12	Cincinnati	OH	US								CNU (52:1884-1884); CN2 (93:1882-1883); CN1 (40:1880-1880)	Bank Street Grounds (1880-1884)	
CIN04	League Park (Cincinnati) I	1884-05-01	1893-09-29	0	698	-84.54	39.12	Cincinnati	OH	US								CN2 (412:1884-1889); CIN (286:1890-1893)	League Park (Cincinnati) I (1884-1893); League Park I (1884-1893); League Park I in Cincinnati	
CIN05	League Park (Cincinnati) II	1894-04-20	1901-10-06	0	577	-84.54	39.12	Cincinnati	OH	US								CIN (577:1894-1901)	League Park (Cincinnati) II (1894-1901); League Park II (1894-1901); League Park II in Cincinnati	
CIN06	Palace of the Fans	1902-04-17	1911-10-12	0	779	-84.54	39.12	Cincinnati	OH	US								CIN (779:1902-1911)	Palace of the Fans (1902-1911); League Park III	
CIN07	Crosley Field	1912-04-11	1970-06-24	0	4544	-84.54	39.12	Cincinnati	OH	US								CIN (4544:1912-1970 alt)	Crosley Field (1934-1970); Redland Field (1912-1933)	
CIN08	Riverfront Stadium	1970-06-30	2002-09-22	0	2576	-84.51	39.1	Cincinnati	OH	US								CIN (2576:1970-2002)	Cinergy Field (1996-2002); Riverfront Stadium (1970-1995)	
CIN09	Great American Ballpark	2003-03-31	2013-09-29	1	892	-84.51	39.1	Cincinnati	OH	US	45202-4109	100 Main Street		(513) 765-7000	reds.com		logo_cin_79x76.jpg	CIN (892:2003-now)	Great American Ballpark (2003-now); Great American Ball Park	
CLE01	National Association Grounds	1871-05-11	1872-08-19	0	16	-81.65	41.48	Cleveland	OH	US								CL1 (16:1871-1872)	National Association Grounds (1871-1872)	
CLE02	League Park I	1879-05-01	1884-10-11	0	275	-81.65	41.5	Cleveland	OH	US								CL2 (275:1879-1884)	League Park I (1879-1884); League Park (Cleveland) I (1879-1884); National League Park I; Kennard Street Park	
CLE03	League Park II	1887-05-04	1890-10-04	0	246	-81.66	41.5	Cleveland	OH	US								CL4 (131:1889-1890); CL3 (115:1887-1888)	League Park II (1887-1890); League Park (Cleveland) II (1887-1890); National League Park II; National League Park; American Association Park	
CLE04	Brotherhood Park	1890-04-30	1890-10-04	0	62	-81.65	41.48	Cleveland	OH	US								CLP (62:1890-1890)	Brotherhood Park (1890-1890); Players League Park	
CLE05	League Park III	1891-05-01	1909-09-06	0	1220	-81.64	41.51	Cleveland	OH	US								CLE (671:1901-1909); CL4 (549:1891-1899)	League Park III (1891-1909); League Park (Cleveland) III (1891-1909); National League Park III; League Park I	
CLE06	League Park IV	1910-04-21	1946-09-21	0	2376	-81.64	41.51	Cleveland	OH	US								CLE (2376:1910-1946 alt)	League Park IV (1928-1946); Dunn Field (1916-1927); League Park (Cleveland) IV (1928-1946); League Park II	
CLE07	Cleveland Stadium	1932-07-31	1993-10-03	0	4196	-81.7	41.51	Cleveland	OH	US								CLE (4196:1932-1993 alt)	Cleveland Stadium (1932-1993); Municipal Stadium	
CLE08	Progressive Field	1994-04-04	2013-09-25	1	1575	-81.69	41.5	Cleveland	OH	US	44115	2401 Ontario Street		(216) 420-4200	indians.com		logo_cle_79x76.jpg	CLE (1575:1994-now)	Progressive Field (2008-now); Jacobs Field (1994-2007)	
CLE09	Cedar Avenue Driving Park	1887-08-21	1887-08-21	0	1	-81.63	41.5	Cleveland	OH	US								CL3 (1:1887-1887 alt)	Cedar Avenue Driving Park (1887-1887)	CL3 played 1 games here as an alternate (neutral) site from 1887-08-21 until 1887-08-21: Alternate park for Sunday and/or holiday games
CLL01	Euclid Beach Park	1898-06-12	1898-06-19	0	2	-81.57	41.58	Cleveland	OH	US	44110							CL4 (2:1898-1898 alt)	Euclid Beach Park (1898-1898)	CL4 played 2 games here as an alternate (neutral) site from 1898-06-12 until 1898-06-19: Alternate park for Sunday and/or holiday games
COL01	Recreation Park (Columbus) I	1883-05-01	1884-09-22	0	102	-82.98	39.96	Columbus	OH	US								CL5 (102:1883-1884)	Recreation Park (Columbus) I (1883-1884); Recreation Park I (1883-1884)	
COL02	Recreation Park (Columbus) II	1889-04-28	1891-09-22	0	202	-82.99	39.95	Columbus	OH	US								CL6 (202:1889-1891)	Recreation Park (Columbus) II (1889-1891); Recreation Park II (1889-1891)	
COL03	Neil Park I	1902-08-03	1903-05-17	0	2	-82.99	39.97	Columbus	OH	US								CLE (2:1902-1903 alt)	Neil Park I (1902-1903)	CLE played 2 games here as an alternate (neutral) site from 1902-08-03 until 1903-05-17: Alternate park for Sunday and/or holiday games
COL04	Neil Park II	1905-07-23	1905-07-24	0	2	-82.99	39.97	Columbus	OH	US								DET (2:1905-1905 alt)	Neil Park II (1905-1905)	DET played 2 games here as an alternate (neutral) site from 1905-07-23 until 1905-07-24: Opening of the Grand Circuit Trotting Meet in Detroit
COV01	Star Baseball Park	1875-09-21	1875-09-21	0	1	-84.51	39.07	Covington	KY	US								PH2 (1:1875-1875 alt)	Star Baseball Park (1875-1875)	PH2 played 1 games here as an alternate (neutral) site from 1875-09-21 until 1875-09-21
DAY01	Fairview Park	1902-06-08	1902-06-08	0	1	-84.21	39.79	Dayton	OH	US								CLE (1:1902-1902 alt)	Fairview Park (1902-1902)	CLE played 1 games here as an alternate (neutral) site from 1902-06-08 until 1902-06-08: Alternate park for Sunday and/or holiday games
DEN01	Mile High Stadium	1993-04-09	1994-08-11	0	138	-105.02	39.75	Denver	CO	US								COL (138:1993-1994)	Mile High Stadium (1993-1994)	
DEN02	Coors Field	1995-04-26	2013-09-25	1	1531	-104.99	39.76	Denver	CO	US	80205-2000	2001 Blake Street		(303) 292-0200	coloradorockies.com		logo_col_79x76.jpg	COL (1531:1995-now)	Coors Field (1995-now)	
DET01	Recreation Park (Detroit)	1881-05-02	1890-09-23	0	439	-83.06	42.35	Detroit	MI	US								DTN (438:1881-1888); CL4 (1:1890-1890 alt)	Recreation Park (Detroit) (1881-1888); Recreation Park (1881-1888)	
DET02	Bennett Park	1901-04-25	1911-09-10	0	796	-83.07	42.33	Detroit	MI	US								DET (796:1901-1911)	Bennett Park (1901-1911)	
DET03	Burns Park	1901-04-28	1902-09-07	0	23	-83.13	42.32	Detroit	MI	US								DET (23:1901-1902 alt)	Burns Park (1901-1902); West End Park	Sundays only
DET04	Tiger Stadium	1912-04-20	1999-09-27	0	6879	-83.07	42.33	Detroit	MI	US								DET (6879:1912-1999)	Tiger Stadium (1962-1999); Navin Field (1912-1937); Briggs Stadium (1938-1961)	
DET05	Comerica Park	2000-04-11	2013-09-22	1	1133	-83.05	42.34	Detroit	MI	US	48201	2100 Woodward Avenue		(313) 471-2000	tigers.com		logo_det_79x76.jpg	DET (1133:2000-now)	Comerica Park (2000-now)	
DOV01	Fairview Park Fair Grounds	1875-06-24	1875-06-24	0	1	-75.54	39.17	Dover	DE	US								PH1 (1:1875-1875 alt)	Fairview Park Fair Grounds (1875-1875)	PH1 played 1 games here as an alternate (neutral) site from 1875-06-24 until 1875-06-24
ELM01	Maple Avenue Driving Park	1885-10-10	1885-10-10	0	2	-76.78	42.08	Elmira	NY	US								BFN (2:1885-1885 alt)	Maple Avenue Driving Park (1885-1885)	BFN played 2 games here as an alternate (neutral) site from 1885-10-10 until 1885-10-10
FOR01	Grand Duchess	1871-05-13	1871-08-29	0	8	-85.16	41.08	Fort Wayne	IN	US								FW1 (8:1871-1871)	Grand Duchess (1871-1871); Hamilton Field	First ML game
FOR02	Swinney Park	1882-10-24	1882-10-24	0	NULL	NULL	NULL	Fort Wayne	IN	US									Swinney Park	Stadium only found in old parkcodes.txt, data suspect | Last game of playoffs (CHN &amp; PRO)
FOR03	Jailhouse Flats	1902-06-22	1902-08-31	0	2	-85.14	41.08	Fort Wayne	IN	US								CLE (2:1902-1902 alt)	Jailhouse Flats (1902-1902)	CLE played 2 games here as an alternate (neutral) site from 1902-06-22 until 1902-08-31: Alternate park for Sunday and/or holiday games
GEA01	Geauga Lake Grounds	1888-07-22	1888-08-26	0	3	-81.37	41.35	Aurora	OH	US	44202							CL3 (3:1888-1888 alt)	Geauga Lake Grounds (1888-1888); Geagua Lake Grounds	CL3 played 4 games here as an alternate (neutral) site from 1888-07-22 until 1888-09-02: Alternate park for Sunday and/or holiday games
GLO01	Gloucester Point Grounds	1888-08-05	1890-10-12	0	30	-75.13	39.89	Gloucester City	NJ	US								PH4 (30:1888-1890 alt)	Gloucester Point Grounds (1888-1890)	Sundays | PH4 played 31 games here as an alternate (neutral) site from 1888-06-10 until 1890-10-12: Alternate park for Sunday and/or holiday games
GRA01	Ramona Park	1903-05-24	1903-05-24	0	1	-85.61	42.95	Grand Rapids	MI	US								DET (1:1903-1903 alt)	Ramona Park (1903-1903)	DET played 1 games here as an alternate (neutral) site from 1903-05-24 until 1903-05-24: Alternate park for Sunday and/or holiday games
HAR01	Harrison Field	1915-04-16	1915-10-03	0	79	-74.16	40.74	Harrison	NJ	US								NEW (79:1915-1915)	Harrison Field (1915-1915); Federal League Park; Harrison Park; Peppers Park	
HOB01	Elysian Field	1873-07-04	1873-07-04	0	1	-74.0268	40.7499	Hoboken	NJ	US								NY2 (1873-1873) [alt]	Elysian Field (1873-1873)	NY2 played 1 games here as an alternate (neutral) site from 1873-07-04 until 1873-07-04
HON01	Aloha Stadium	1997-04-19	1997-04-20	0	3	-157.93	21.37	Honolulu	HI	US								SDN (3:1997-1997 alt)	Aloha Stadium (1997-1997)	SDN played 3 games here as an alternate (neutral) site from 1997-04-19 until 1997-04-20: Marketing move by Major League Baseball
HOU01	Colt Stadium	1962-04-10	1964-09-27	0	244	-95.41	29.69	Houston	TX	US								HOU (244:1962-1964)	Colt Stadium (1962-1964)	
HOU02	Astrodome	1965-04-12	1999-10-03	0	2774	-95.41	29.68	Houston	TX	US								HOU (2774:1965-1999)	Astrodome (1965-1999)	
HOU03	Minute Maid Park	2000-04-07	2013-09-29	1	1131	-95.36	29.76	Houston	TX	US	77002	501 Crawford Street		(713) 259-8000	astros.com	astrosdehouston.com	logo_hou_79x76.jpg	HOU (1131:2000-now)	Minute Maid Park (2002-now); Enron Field (2000-2001); Astros Field (2002-2001)	
HRT01	Hartford Ball Club Grounds	1874-05-01	1876-09-16	0	100	-72.67	41.76	Hartford	CT	US								HR1 (68:1874-1875); HAR (32:1876-1876)	Hartford Ball Club Grounds (1874-1876)	
HRT02	Hartford Trotting Park	1872-06-21	1872-08-09	0	3	-72.7	41.78	Hartford	CT	US								MID (3:1872-1872 alt)	Hartford Trotting Park (1872-1872)	MID played 3 games here as an alternate (neutral) site from 1872-06-21 until 1872-08-09
IND01	South Street Park	1878-05-01	1878-09-13	0	22	-86.15	39.76	Indianapolis	IN	US								IN1 (22:1878-1878)	South Street Park (1878-1878)	
IND02	Seventh Street Park I	1884-05-14	1885-09-15	0	45	-86.16	39.79	Indianapolis	IN	US								IN2 (44:1884-1884); SL5 (1:1885-1885 alt)	Seventh Street Park I (1884-1884); Seventh Street Park	
IND03	Bruce Grounds	1884-05-18	1884-09-21	0	11	-86.14	39.8	Indianapolis	IN	US								IN2 (11:1884-1884 alt)	Bruce Grounds (1884-1884)	IN2:Sundays
IND04	Seventh Street Park II	1887-04-28	1887-10-08	0	64	-86.16	39.79	Indianapolis	IN	US								IN3 (64:1887-1887)	Seventh Street Park II (1887-1887); Athletic Park I	
IND05	Seventh Street Park III	1888-04-20	1889-10-05	0	135	-86.16	39.79	Indianapolis	IN	US								IN3 (135:1888-1889)	Seventh Street Park III (1888-1889); Athletic Park II	
IND06	Indianapolis Park	1890-07-28	1890-08-02	0	6	-86.13	39.77	Indianapolis	IN	US								CL4 (6:1890-1890 alt)	Indianapolis Park (1890-1890)	CL4 played 3 games here as an alternate (neutral) site from 1890-07-30 until 1890-08-02
IND07	Federal League Park	1914-04-23	1914-10-08	0	80	-86.17	39.76	Indianapolis	IN	US								IND (80:1914-1914)	Federal League Park (1914-1914); Washington Park	
IRO01	Windsor Beach Grounds	1890-05-11	1890-07-20	0	6	-77.59	43.25	Rochester	NY	US								RC2 (6:1890-1890 alt)	Windsor Beach Grounds (1890-1890); Windsor Beach	RC2: Sundays | RC2 played 6 games here as an alternate (neutral) site from 1890-05-11 until 1890-07-20: Alternate park for Sunday and/or holiday games
JER01	Oakland Park	1889-04-24	1889-04-25	0	2	-74.05	40.73	Jersey City	NJ	US								NY1 (2:1889-1889 alt)	Oakdale Park (1889-1889); Oakland Park; Oakland Athletic Association Field; Oakdale Park (Jersey City); Oakdale Park (1889-1889)	NY1 played 2 games here as an alternate (neutral) site from 1889-04-24 until 1889-04-25
JER02	Roosevelt Stadium	1956-04-19	1957-09-03	0	15	-74.1	40.71	Jersey City	NJ	US								BRO (15:1956-1957 alt)	Roosevelt Stadium (1956-1957)	BRO played 15 games here as an alternate (neutral) site from 1956-04-19 until 1957-09-03: Marketing move by Major League Baseball
KAN01	Athletic Park (Kansas City)	1884-06-07	1884-10-19	0	36	-94.59	39.08	Kansas City	MO	US								KCU (36:1884-1884)	Athletic Park (Kansas City) (1884-1884); Athletic Park (1884-1884)	
KAN02	Association Park	1886-04-30	1888-09-29	0	114	-94.56	39.11	Kansas City	MO	US								KCN (58:1886-1886); KC2 (56:1888-1888)	Association Park (1886-1892); Association Park I	SLN played 3 games here as an alternate (neutral) site from 1892-08-23 until 1892-10-15
KAN03	Exposition Park	1888-09-30	1892-10-15	0	74	-94.55	39.09	Kansas City	MO	US								SLN (3:1892-1892 alt); KC2 (71:1888-1889 alt)	Exposition Park (1889-1889)	
KAN04	Gordon and Koppel Field	1914-04-16	1915-09-28	0	151	-94.57	39.04	Kansas City	MO	US								KCF (151:1914-1915)	Gordon and Koppel Field (1914-1915)	
KAN05	Municipal Stadium	1955-04-12	1972-10-04	0	1348	-94.56	39.09	Kansas City	MO	US								KCA (319:1969-1972); KC1 (1029:1955-1967)	Municipal Stadium (1955-1972); Municipal Stadium II; Municipal Stadium I	
KAN06	Kauffman Stadium	1973-04-10	2013-09-22	1	3251	-94.48	39.05	Kansas City	MO	US	64129	One Royal Way		(816) 921-8000	royals.com		logo_kc_79x76.jpg	KCA (3251:1973-now)	Kauffman Stadium (1993-now); Royals Stadium (1973-1992)	
KEO01	Perry Park	1875-05-04	1875-06-14	0	8	-91.39	40.41	Keokuk	IA	US								KEO (8:1875-1875)	Perry Park (1875-1875); Walte's Pasture	
LAS01	Cashman Field	1996-04-01	1996-04-07	0	6	-115.13	36.18	Las Vegas	NV	US								OAK (6:1996-1996 alt)	Cashman Field (1996-1996)	OAK played 6 games here as an alternate (neutral) site from 1996-04-01 until 1996-04-07: Incomplete football renovations to Oakland-Alameda County Col
LBV01	Champion Stadium	2007-05-15	2008-04-24	0	6	-81.56	28.34	Lake Buena Vista	FL	US	32830							TBA (6:2007-now alt)	Champion Stadium; The Ballpark at Disney's Wide World of Sports; Disney Field; Cracker Jack Stadium; The Ballpark at Disney's Wide World	TBA played 3 games here as an alternate (neutral) site from 2007-05-15 until 2007-05-17: Marketing move by Major League Baseball
LOS01	Los Angeles Memorial Coliseum	1958-04-18	1961-09-20	0	309	-118.29	34.01	Los Angeles	CA	US								LAN (309:1958-1961)	Los Angeles Memorial Coliseum (1958-1961); LA Memorial Coliseum; Los Angeles Colisuem; Memorial Coliseum	
LOS02	Wrigley Field (Los Angeles)	1961-04-27	1961-10-01	0	82	-118.27	34.01	Los Angeles	CA	US								LAA (82:1961-1961)	Wrigley Field (Los Angeles) (1961-1961); Wrigley Field (1961-1961); Wrigley Field (LA)	
LOS03	Dodger Stadium	1962-04-10	2013-09-29	1	4471	-118.24	34.07	Los Angeles	CA	US	90012-1199	1000 Elysian Park Avenue		(323) 224-1500	dodgers.com	losdodgers.com	logo_la_79x76.jpg	LAN (4148:1962-now); LAA (243:1962-1964); CAL (80:1965-1965)	Dodger Stadium (1962-now); Chavez Ravine	
LOU01	Louisville Baseball Park	1876-04-25	1877-09-29	0	62	-85.76	38.23	Louisville	KY	US								LS1 (62:1876-1877)	Louisville Baseball Park (1876-1877)	
LOU02	Eclipse Park I	1882-05-05	1893-05-04	0	676	-85.8	38.25	Louisville	KY	US								LS2 (605:1882-1891); LS3 (71:1892-1893 alt)	Eclipse Park I (1882-1893)	
LOU03	Eclipse Park II	1893-05-22	1899-09-02	0	447	-85.8	38.25	Louisville	KY	US								LS3 (447:1893-1899)	Eclipse Park II (1893-1899)	
LUD01	Ludlow Baseball Park	1875-09-22	1875-09-22	0	1	-84.52	39.09	Covington	KY	US	41016							PH2 (1:1875-1875 alt)	Ludlow Baseball Park (1875-1875)	PH2 played 1 games here as an alternate (neutral) site from 1875-09-22 until 1875-09-22
MAS01	Long Island Grounds	1890-07-27	1890-08-03	0	2	-73.91	40.72	Maspeth	NY	US								BR4 (2:1890-1890 alt)	Long Island Grounds (1890-1890)	BR4 played 2 games here as an alternate (neutral) site from 1890-07-27 until 1890-08-03
MIA01	Pro Player Stadium	1993-04-05	2011-09-28	0	1496	-80.24	25.96	Miami	FL	US	33056	2269 Dan Marino Boulevard		(305) 626-7400	floridamarlins.com	marlinsbeisbol.com	logo_fla_79x76.jpg	FLO (1496:1993-now)	Sun Life Stadium (2010-2011); Land Shark Stadium (2009-2009); Dolphin Stadium (2005-2008); Pro Player Stadium (1996-2004); Joe Robbie Stadium (1993-1996); Dolphins Stadium	
MIA02	Marlins Park	2012-04-04	2013-09-29	1	162	-80.22	25.78	Miami	FL	US	33125	501 Marlins Way		(305) 480-1300	floridamarlins.com	marlinsbeisbol.com	logo_fla_79x76.jpg	MIA (162:2012-now)	Marlins Park	
MID01	Mansfield Club Grounds	1872-05-02	1872-07-27	0	7	-72.63	41.56	Middletown	CT	US								MID (7:1872-1872)	Mansfield Club Grounds (1872-1872)	
MIL01	Milwaukee Base-Ball Grounds	1878-05-14	1878-09-14	0	25	-87.93	43.04	Milwaukee	WI	US								ML2 (25:1878-1878)	Milwaukee Base-Ball Grounds (1878-1878); Eclipse Park II	
MIL02	Wright Street Grounds	1884-09-27	1885-09-25	0	14	-87.93	43.06	Milwaukee	WI	US								MLU (12:1884-1884); PRO (1:1885-1885 alt); BFN (1:1885-1885 alt)	Wright Street Grounds (1884-1884)	UA:1884 | PRO: 9/25/1885 | CHN played 2 games here as an alternate (neutral) site from 1885-09-04 until 1885-09-25 | BFN:9/4/1885
MIL03	Borchert Field	1891-09-10	1891-10-04	0	20	-87.92	43.07	Milwaukee	WI	US								ML3 (20:1891-1891)	Borchert Field (1891-1891); Athletic Park; Brewer Field; Athletic Field	
MIL04	Lloyd Street Grounds	1901-05-03	1901-09-12	0	70	-87.93	43.06	Milwaukee	WI	US								MLA (70:1901-1901)	Lloyd Street Grounds (1901-1901)	
MIL05	County Stadium	1953-04-14	2000-09-28	0	3484	-87.97	43.03	Milwaukee	WI	US								MLN (1023:1953-1965); MIL (2441:1970-2000); CHA (20:1968-1969 alt)	County Stadium (1953-2000)	CHA played 20 games here as an alternate (neutral) site from 1968-05-15 until 1969-09-26: Marketing move by Major League Baseball
MIL06	Miller Park	2001-04-06	2013-09-22	1	1058	-87.97	43.03	Milwaukee	WI	US	53214	One Brewers Way		(414) 902-4400	brewers.com		logo_mil_79x76.jpg	MIL (1053:2001-now); HOU (2:2008-now alt); CLE (3:2007-now alt)	Miller Park (2001-now)	CLE played 3 games here as an alternate (neutral) site from 2007-04-10 until 2007-04-12: Snow and cold weather in Cleveland
MIN01	Athletic Park (Minneapolis)	1891-10-02	1891-10-02	0	1	-93.27	44.98	Minneapolis	MN	US								ML3 (1:1891-1891 alt)	Athletic Park (Minneapolis) (1891-1891); Athletic Park (1891-1891)	ML3 played 1 games here as an alternate (neutral) site from 1891-10-02 until 1891-10-02 | ML2
MIN02	Metropolitan Stadium	1961-04-21	1981-09-30	0	1674	-93.24	44.85	Minneapolis	MN	US								MIN (1674:1961-1981)	Metropolitan Stadium (1961-1981)	
MIN03	Hubert H. Humphrey Metrodome	1982-04-06	2009-10-06	0	2242	-93.26	44.97	Minneapolis	MN	US	55415	34 Kirby Puckett Place		(612) 375-1366	twinsbaseball.com		logo_min_79x76.jpg	MIN (2242:1982-now)	Hubert H Humphrey Metrodome (1982-now); Metrodome	
MIN04	Target Field	2010-04-12	2013-09-29	1	324	-93.28	44.98	Minneapolis	MN	US								MIN (324:2010-now)	Target Field	
MNT01	Estadio Monterrey	1996-08-16	1999-04-04	0	4	-100.32	25.72	Monterrey	NL	MX								SDN (4:1996-1999 alt)	Estadio Monterrey (1996-1999); Estadio de Beisbol Monterrey	SDN played 4 games here as an alternate (neutral) site from 1996-08-16 until 1999-04-04: Marketing move by Major League Baseball
MON01	Parc Jarry	1969-04-14	1976-09-26	0	641	-73.63	45.53	Montreal	QC	CA								MON (641:1969-1976)	Parc Jarry (1969-1976); Jarry Park	
MON02	Stade Olympique	1977-04-15	2004-09-29	0	2145	-73.55	45.56	Montreal	QC	CA								MON (2145:1977-2004)	Stade Olympique (1977-2004); Olympic Stadium	
NEW01	Howard Avenue Grounds	1875-04-26	1877-09-22	0	27	-72.93	41.29	New Haven	CT	US								NH1 (26:1875-1875); HAR (1:1877-1877 alt)	Howard Avenue Grounds (1875-1877); Hamilton Park; Brewster Park	HAR played 1 games here as an alternate (neutral) site from 1877-09-22 until 1877-09-22
NEW02	Hamilton Park	1875-04-21	1875-04-21	0	1	-72.95	41.32	New Haven	CT	US								NH1 (1:1875-1875 alt)	Hamilton Park	
NEW03	Beyerle's Park	1888-09-02	1888-09-02	0	1	-81.66	41.46	Newburgh Township	OH	US								CL3 (1:1888-1888 alt)	Beyerle's Park (1888-1888); Forest City Park (1888-1888)	1 CLE game
NWK01	Wiedenmeyer's Park	1904-07-17	1904-07-17	0	1	-74.15	40.72	Newark	NJ	US								NYA (1:1904-1904 alt)	Wiedenmeyer's Park (1904-1904)	NYA played 1 games here as an alternate (neutral) site from 1904-07-17 until 1904-07-17: Alternate park for Sunday and/or holiday games
NYC01	Union Grounds (Brooklyn)	1871-05-25	1878-07-26	0	315	-73.96	40.7	Brooklyn	NY	US								NY3 (33:1876-1876); NY2 (150:1871-1875); HAR (28:1877-1877); BR2 (85:1873-1875); BR1 (14:1872-1872); WS3 (1:1871-1871 alt); PRO (1:1878-1878 alt); ELI (1:1873-1873 alt); CH1 (1:1871-1871 alt); BS1 (1:1871-1871 alt)	Union Grounds (Brooklyn) (1871-1878); Union Grounds (1871-1878)	PRO played 1 games here as an alternate (neutral) site from 1878-07-26 until 1878-07-26 | HAR played 28 games here as an alternate (neutral) site from 1877-04-30 unti
NYC02	Capitoline Grounds	1872-05-06	1872-10-31	0	18	-73.95	40.68	Brooklyn	NY	US								BR2 (18:1872-1872)	Capitoline Grounds (1872-1872)	
NYC03	Polo Grounds I (Southeast Diamond)	1883-05-01	1888-10-13	0	472	-73.95	40.8	New York	NY	US								NY1 (364:1883-1888); NY4 (108:1883-1885 alt)	Polo Grounds I (Southeast Diamond) (1883-1888); Polo Grounds I West Diamond; Polo Grounds I	
NYC04	Polo Grounds II (Southwest Diamond)	1883-05-30	1883-09-04	0	13	-73.95	40.8	New York	NY	US								NY4 (13:1883-1883 alt)	Polo Grounds II (Southwest Diamond) (1883-1883)	
NYC05	Washington Park I	1884-05-05	1889-05-04	0	290	-73.99	40.67	Brooklyn	NY	US								NY4 (1:1887-1887 alt); CN2 (1:1884-1884 alt); BR3 (288:1884-1889 alt)	Washington Park I (1884-1889)	CN2 played 1 games here as an alternate (neutral) site from 1884-10-10 until 1884-10-10
NYC06	Metropolitan Park	1884-05-13	1884-08-23	0	33	-73.94	40.79	New York	NY	US								NY4 (33:1884-1884)	Metropolitan Park (1884-1884)	
NYC07	Grauer's Ridgewood Park	1886-05-02	1886-09-19	0	14	-73.9	40.7	Brooklyn	NY	US								BR3 (14:1886-1886 alt)	Grauer's Ridgewood Park (1886-1886); Ridgewood Park I; Ridgewood Park	BR3:Sundays (1886-1889)
NYC08	Washington Park II	1889-05-30	1890-10-03	0	123	-73.99	40.67	Brooklyn	NY	US								BRO (74:1890-1890); BR3 (49:1889-1889)	Washington Park II (1889-1890)	
NYC09	Polo Grounds III	1889-07-08	1890-09-13	0	112	-73.94	40.83	New York	NY	US								NY1 (104:1889-1890); BR4 (8:1890-1890 alt)	Polo Grounds III (1889-1890); Polo Grounds II	
NYC10	Polo Grounds IV	1890-04-19	1911-04-13	0	1545	-73.94	40.83	New York	NY	US								NYP (66:1890-1890); NY1 (1479:1891-1911 alt)	Polo Grounds IV (1890-1911); Polo Grounds III	
NYC11	Eastern Park	1890-04-28	1897-10-02	0	554	-73.9	40.67	Brooklyn	NY	US								BRP (66:1890-1890); BRO (488:1891-1897)	Eastern Park (1890-1897)	
NYC12	Washington Park III	1898-04-30	1912-10-05	0	1125	-73.99	40.68	Brooklyn	NY	US								BRO (1125:1898-1912)	Washington Park III (1898-1915)	
NYC13	Hilltop Park	1903-04-30	1912-10-05	0	776	-73.94	40.84	New York	NY	US								NYA (748:1903-1912); NY1 (28:1911-1911 alt)	Hilltop Park (1903-1912)	NY1 played 28 games here as an alternate (neutral) site from 1911-04-15 until 1911-05-30: Fire at Polo Grounds IV
NYC14	Polo Grounds V	1911-06-28	1963-09-18	0	4490	-73.94	40.83	New York	NY	US								NYN (161:1962-1963); NY1 (3565:1911-1957); NYA (764:1912-1922 alt)	Polo Grounds V (1911-1963); Polo Grounds IV	NYA played 3 games here as an alternate (neutral) site from 1912-05-30 until 1912-09-02: To accommodate large crowd
NYC15	Ebbets Field	1913-04-09	1957-09-24	0	3447	-73.96	40.66	Brooklyn	NY	US								BRO (3447:1913-1957)	Ebbets Field (1913-1957)	
NYC16	Yankee Stadium I	1923-04-18	2008-09-21	0	6581	-73.93	40.83	Bronx	NY	US	10451	161st Street and River Avenue		(718) 293-4300	yankees.com	yankeesbeisbol.com	logo_nyy_79x76.jpg	NYA (6581:1923-now)	Yankee Stadium (1923-2008); Yankee Stadium I; Yankee Stadium II	No games 1974-75 | BDB designates as two different stadiums
NYC17	Shea Stadium	1964-04-17	2008-09-28	0	3737	-73.85	40.76	Flushing	NY	US	11368-1699	123-01 Roosevelt Avenue		(718) 507-6387	mets.com	losmets.com	logo_nym_79x76.jpg	NYN (3577:1964-now); NYA (160:1974-1998 alt)	Shea Stadium (1964-now); William A. Shea Stadium	NYA played 1 games here as an alternate (neutral) site from 1998-04-15 until 1998-04-15: Structural accident at Yankee Stadium (falling concrete and s
NYC18	Wallace's Ridgewood Park	1887-04-24	1890-06-08	0	77	-73.91	40.69	Brooklyn	NY	US								BR4 (28:1890-1890); BR3 (49:1887-1889 alt)	Wallace's Ridgewood Park (1887-1890); Ridgewood Park II (1887-1890); Ridgewood Park; Ridgewood Park II; Wallace's Grounds	
NYC19	Washington Park IV	1914-05-11	1915-09-30	0	154	-73.99	40.67	Brooklyn	NY	US								BRF (154:1914-1915)	Washington Park IV	
NYC20	Citi Field	2009-04-13	2013-09-29	1	405	-73.85	40.76	New York	NY	US								NYN (405:2009-now)	Citi Field	
NYC21	Yankee Stadium II	2009-04-16	2013-09-26	1	405	-73.93	40.83	New York	NY	US								NYA (405:2009-now)	Yankee Stadium II	
OAK01	Oakland-Alameda County Coliseum	1968-04-17	2013-09-22	1	3654	-122.2	37.75	Oakland	CA	US	94621	7000 Coliseum Way		(510) 638-4900	oaklandathletics.com		logo_oak_79x76.jpg	OAK (3654:1968-now)	Oakland-Alameda County Coliseum (1968-2013); Overstock.com Coliseum(2011-2011); McAfee Coliseum (2005-2008); Network Associates Coliseum (1998-2004); UMAX Coliseum (1997-1997); Oakland Coliseum	
PEN01	Pendleton Park	1891-04-25	1891-08-13	0	45	-84.45	39.12	Cincinnati	OH	US	45226							CN3 (45:1891-1891)	Pendleton Park (1891-1891); East End Park; East End Grounds: Cincinnati Gym Grounds	
PHI01	Jefferson Street Grounds	1871-06-03	1890-10-11	0	746	-75.18	39.98	Philadelphia	PA	US								PHN (35:1876-1876); PH4 (494:1883-1890); PH2 (83:1873-1875); PH1 (134:1871-1875)	Jefferson Street Grounds (1871-1891); Athletics Park; Athletic Park	
PHI02	Centennial Park	1875-04-21	1875-06-04	0	8	-75.17	39.98	Philadelphia	PA	US								PH3 (7:1875-1875); PH1 (1:1875-1875 alt)	Centennial Park (1875-1875); Centennial Grounds	
PHI03	Oakdale Park (Philadelphia)	1882-05-02	1882-09-21	0	39	-75.15	39.99	Philadelphia	PA	US								PH4 (39:1882-1882)	Oakdale Park (Philadelphia) (1882-1882); Oakdale Park (1882-1882)	
PHI04	Recreation Park (Philadelphia)	1883-05-01	1886-10-09	0	224	-75.17	39.98	Philadelphia	PA	US								PHI (224:1883-1886)	Recreation Park (Philadelphia) (1883-1886); Recreation Park (1883-1886)	
PHI05	Keystone Park	1884-04-17	1884-08-07	0	35	-75.17	39.93	Philadelphia	PA	US								PHU (35:1884-1884)	Keystone Park (1884-1884)	
PHI06	Huntingdon Grounds I	1887-04-30	1894-08-04	0	531	-75.16	39.99	Philadelphia	PA	US								PHI (531:1887-1894)	Huntingdon Grounds I (1887-1894); Philadelphia Baseball Grounds	No games 8/7/1894 to 8/17/1894 | Fire 8/6/1894
PHI07	Forepaugh Park	1890-04-30	1891-10-05	0	137	-75.15	39.99	Philadelphia	PA	US								PHP (65:1890-1890); PH4 (72:1891-1891)	Forepaugh Park (1890-1890)	
PHI08	University of Penn. Athletic Field	1894-08-11	1894-08-17	0	6	-75.2	39.95	Philadelphia	PA	US								PHI (6:1894-1894 alt)	University of Penn. Athletic Field (1894-1894)	PHI played 6 games here as an alternate (neutral) site from 1894-08-11 until 1894-08-17: Fire at Huntington Street Grounds
PHI09	Baker Bowl	1895-05-02	1938-06-30	0	3218	-75.16	39.99	Philadelphia	PA	US								PHI (3209:1895-1938 alt); CL4 (9:1898-1898 alt)	Baker Bowl (1895-1938)	CL4 played 9 games here as an alternate (neutral) site from 1898-07-29 until 1898-08-11
PHI10	Columbia Park (Philadelphia)	1901-04-26	1908-10-03	0	599	-75.18	39.98	Philadelphia	PA	US								PHA (583:1901-1908); PHI (16:1903-1903 alt)	Columbia Park (Philadelphia) (1901-1908); Columbia Park (1901-1908)	PHI played 16 games here as an alternate (neutral) site from 1903-08-20 until 1903-09-10: Serious structural accident at the Baker Bowl
PHI11	Shibe Park	1909-04-12	1970-10-01	0	6055	-75.16	40	Philadelphia	PA	US								PHA (3497:1909-1954); PHI (2558:1927-1970 alt)	Connie Mack Stadium (1954-1970); Shibe Park (1909-1953)	PHI played 12 games here as an alternate (neutral) site from 1927-05-16 until 1927-05-28: Collapse of the RF grandstand at Baker Bowl
PHI12	Veterans Stadium	1971-04-10	2003-09-28	0	2617	-75.17	39.91	Philadelphia	PA	US								PHI (2617:1971-2003)	Veterans Stadium (1971-2003)	
PHI13	Citizens Bank Park	2004-04-12	2013-09-22	1	813	-75.17	39.91	Philadelphia	PA	US	19148	One Citizens Bank Way		(215) 463-6000	phillies.com		logo_phi_79x76.jpg	PHI (810:2004-now); TOR (3:2010-now alt)	Citizens Bank Park (2004-now)	
PHI14	Huntingdon Grounds II	1894-08-18	1894-09-06	0	22	-75.16	39.99	Philadelphia	PA	US								PHI (22:1894-1894 alt)	Huntingdon Grounds II (1894-1894)	
PHO01	Chase Field	1998-03-31	2013-09-29	1	1296	-112.07	33.45	Phoenix	AZ	US	85001	401 East Jefferson Street		(602) 462-6500	dbacks.com	losdbacks.com	logo_ari_79x76.jpg	ARI (1296:1998-now)	Chase Field (2006-now); Bank One Ballpark (1998-2005); BOB	
PIT01	Union Park	1878-08-22	1878-08-24	0	3	-80.03	40.45	Pittsburgh	PA	US								IN1 (3:1878-1878 alt)	Union Park (1878-1878)	PRO: 3 games | IN1 played 3 games here as an alternate (neutral) site from 1878-08-22 until 1878-08-24
PIT02	Exposition Park I	1882-05-10	1883-09-06	0	69	-80.01	40.45	Pittsburgh	PA	US								PT1 (69:1882-1883)	Exposition Park I (1882-1884); Lower Field	PTU: 8/25 to 8/30/1884 | PT1:1882-1883 | CHU played 5 games here as an alternate (neutral) site from 1884-08-25 until 1884-08-30: Team moved from Chicago and played s
PIT03	Exposition Park II	1883-05-01	1884-08-30	0	22	-80.01	40.45	Pittsburgh	PA	US								PT1 (17:1883-1883 alt); CHU (5:1884-1884 alt)	Exposition Park II (1883-1883); Upper Field	
PIT04	Recreation Park (Pittsburgh)	1884-05-01	1890-09-30	0	429	-80.03	40.45	Pittsburgh	PA	US								PT1 (187:1884-1886); PIT (242:1887-1890)	Recreation Park (Pittsburgh) (1884-1890); Recreation Park (1884-1890)	
PIT05	Exposition Park III	1890-04-19	1915-10-02	0	1572	-80.01	40.45	Pittsburgh	PA	US								PTP (65:1890-1890); PTF (152:1914-1915); PIT (1353:1891-1909 alt); PHI (2:1892-1892 alt)	Exposition Park III (1890-1915); Exposition Park	PHI played 2 games here as an alternate (neutral) site from 1892-06-30 until 1892-06-30
PIT06	Forbes Field	1909-06-30	1970-06-28	0	4760	-79.95	40.44	Pittsburgh	PA	US								PIT (4760:1909-1970)	Forbes Field (1909-1970)	
PIT07	Three Rivers Stadium	1970-07-16	2000-10-01	0	2407	-80.01	40.45	Pittsburgh	PA	US								PIT (2407:1970-2000 alt)	Three Rivers Stadium (1970-2000)	
PIT08	PNC Park	2001-04-09	2013-09-22	1	1051	-80.01	40.45	Pittsburgh	PA	US	15212	115 Federal Street		(412) 323-5000	pirates.com		logo_pit_79x76.jpg	PIT (1051:2001-now)	PNC Park (2001-now)	
PRO01	Adelaide Avenue Grounds	1875-06-12	1875-06-22	0	2	-71.42	41.8	Providence	RI	US								HR1 (1:1875-1875 alt); BS1 (1:1875-1875 alt)	Adelaide Avenue Grounds (1875-1875)	HR1 played 1 games here as an alternate (neutral) site from 1875-06-12 until 1875-06-12 | BS1 played 1 games here as an alternate (neutral) site from 1875-06-22 until
PRO02	Messer Street Grounds	1878-05-01	1885-09-09	0	358	-71.44	41.81	Providence	RI	US								PRO (358:1878-1885)	Messer Street Grounds (1878-1885)	
RCK01	Virginia State Agricultural Society Fair Grounds	1871-05-06	1871-08-03	0	6	-89.1	42.28	Rockford	IL	US								RC1 (6:1871-1871)	Virginia State Agricultural Society Fair Grounds; Agricultural Society Fair Grounds (1871-1871)	
RIC01	Richmond Fair Grounds	1875-04-29	1875-05-01	0	2	-77.45	37.55	Richmond	VA	US								WS6 (2:1875-1875 alt)	Richmond Fair Grounds (1875-1875)	WS6 played 2 games here as an alternate (neutral) site from 1875-04-29 until 1875-05-01
RIC02	Allens Pasture	1884-08-05	1884-10-15	0	22	-77.46	37.55	Richmond	VA	US								RIC (22:1884-1884)	Allens Pasture (1884-1884); Virginia Base-Ball Park; Allen Pasture	
ROC01	Culver Field I	1890-04-28	1890-10-04	0	57	-77.58	43.15	Rochester	NY	US								RC2 (57:1890-1890)	Culver Field I (1890-1890)	
ROC02	Culver Field II	1898-08-27	1898-08-29	0	2	-77.58	43.15	Rochester	NY	US								CL4 (2:1898-1898 alt)	Culver Field II (1898-1898)	CL4 played 2 games here as an alternate (neutral) site from 1898-08-27 until 1898-08-29
ROC03	Ontario Beach Grounds	1898-08-28	1898-08-28	0	1	-77.61	43.26	Rochester	NY	US								CL4 (1:1898-1898 alt)	Ontario Beach Grounds (1898-1898)	CL4 played 1 games here as an alternate (neutral) site from 1898-08-28 until 1898-08-28
SAI01	St. George Cricket Grounds	1886-04-22	1889-06-14	0	148	-74.08	40.65	Staten Island	NY	US								NY4 (125:1886-1887); NY1 (23:1889-1889 alt)	St. George Cricket Grounds (1886-1889)	NY1 played 23 games here as an alternate (neutral) site from 1889-04-29 until 1889-06-14
SAN01	Qualcomm Stadium	1969-04-08	2003-09-28	0	2768	-117.12	32.78	San Diego	CA	US								SDN (2768:1969-2003)	Qualcomm Stadium (1997-2003); San Diego Stadium (1969-1980); Jack Murphy Stadium (1981-1996); San Diego-Jack Murphy Stadium	
SAN02	PetCo Park	2004-04-08	2013-09-26	1	810	-117.16	32.71	San Diego	CA	US	92101	100 Park Boulevard		(619) 795-5000	padres.com	padresbeisbol.com	logo_sd_79x76.jpg	SDN (810:2004-now)	PETCO Park (2004-now)	
SEA01	Sicks' Stadium	1969-04-11	1969-10-02	0	82	-122.3	47.58	Seattle	WA	US								SE1 (82:1969-1969)	Sicks Stadium (1969-1969); Sick's Stadium; Sicks' Stadium	
SEA02	Kingdome	1977-04-06	1999-06-27	0	1755	-122.33	47.6	Seattle	WA	US								SEA (1755:1977-1999 alt)	Kingdome (1977-1999)	
SEA03	Safeco Field	1999-07-15	2013-09-29	1	1181	-122.33	47.59	Seattle	WA	US	98104	P.O. Box 4100		(206) 346-4000	seattlemariners.com		logo_sea_79x76.jpg	SEA (1178:1999-now); FLO (3:2011-now alt)	Safeco Field (1999-now)	
SFO01	Seals Stadium	1958-04-15	1959-09-20	0	154	-122.41	37.77	San Francisco	CA	US								SFN (154:1958-1959)	Seals Stadium (1958-1959)	
SFO02	Candlestick Park	1960-04-12	1999-09-30	0	3173	-122.39	37.71	San Francisco	CA	US								SFN (3173:1960-1999)	Candlestick Park; 3Com Park at Candlestick Point (1996-1999); Candlestick Park (1960-1995); 3Com Park	
SFO03	AT&T Park	2000-04-11	2013-09-29	1	1135	-122.39	37.78	San Francisco	CA	US	94107	24 Willie Mays Plaza		(415) 972-2000	sfgiants.com	sfgigantes.com	logo_sf_79x76.jpg	SFN (1135:2000-now)	AT&T Park (2006-now); Pacific Bell Park (2000-2003); SBC Park (2004-2005); PacBell Park	
SJU01	Estadio Hiram Bithorn	2001-04-01	2010-06-30	0	47	-66.07	18.42	San Juan	PR	US								TOR (1:2001-2001 alt); MON (43:2003-2004 alt); FLO (3:2010-now alt)	Estadio Hiram Bithorn (2001-2004); Hiram Bithorn Stadium	TOR played 1 games here as an alternate (neutral) site from 2001-04-01 until 2001-04-01: Marketing move by Major League Baseball | MON played 43 games here as an alte
SPR01	Hampden Park Race Track	1872-07-23	1875-05-14	0	3	-72.61	42.11	Springfield	MA	US								MID (1:1872-1872 alt); BS1 (2:1873-1875 alt)	Hampden Park Race Track (1872-1875); Springfield Track	TRO:7/23/1872 | MID played 1 games here as an alternate (neutral) site from 1872-07-23 until 1872-07-23 | BS1 played 2 games here as an alternate (neutral) site from 
STL01	Red Stocking Base-Ball Park	1875-05-04	1875-07-04	0	14	-90.23	38.63	St. Louis	MO	US								SL1 (14:1875-1875)	Red Stocking Base-Ball Park (1875-1875); Red Stockings Baseball Park; Red Stocking Base Ball Park; Red Stockings Base-Ball Park	
STL02	Grand Avenue Park	1875-05-06	1878-07-13	0	97	-90.22	38.66	St. Louis	MO	US								SL3 (60:1876-1877); SL2 (34:1875-1875); IN1 (3:1878-1878 alt)	Grand Avenue Park (1875-1878); Sportsman's Park I	IN1 played 3 games here as an alternate (neutral) site from 1878-07-09 until 1878-07-13
STL03	Sportsman's Park I	1882-05-02	1892-10-13	0	717	-90.22	38.66	St. Louis	MO	US								SLN (72:1892-1892); SL4 (645:1882-1891)	Sportsman's Park I (1882-1892)	
STL04	Palace Park of America	1884-04-20	1886-09-23	0	175	-90.21	38.65	St. Louis	MO	US								SLU (55:1884-1884); SL5 (120:1885-1886)	Palace Park of America; Union Grounds (1884-1886); Union Grounds (Saint Louis) (1884-1886); Sportsman's Park I	
STL05	Robison Field	1893-04-27	1920-06-06	0	2021	-90.22	38.66	St. Louis	MO	US								SLN (2018:1893-1920 alt); CL4 (3:1898-1899 alt)	Robison Field (1893-1920)	CL4 played 3 games here as an alternate (neutral) site from 1898-09-28 until 1899-09-24
STL06	Sportsman's Park II	1902-04-23	1908-10-06	0	530	-90.22	38.66	St. Louis	MO	US								SLA (530:1902-1908)	Sportsman's Park II (1902-1908); Sportsman's Park III	
STL07	Busch Stadium I	1909-04-14	1966-05-08	0	7022	-90.22	38.66	St. Louis	MO	US								SLA (3451:1909-1953); SLN (3571:1920-1966 alt)	Busch Stadium I (1953-1966); Sportsman's Park III (1909-1952); Sportsman's Park IV	
STL08	Handlan's Park	1914-04-16	1915-10-03	0	158	-90.23	38.63	St. Louis	MO	US								SLF (158:1914-1915)	Handlan's Park (1914-1915); Federal League Park	
STL09	Busch Stadium II	1966-05-12	2005-10-02	0	3174	-90.19	38.62	St. Louis	MO	US								SLN (3174:1966-2005)	Busch Stadium II (1966-2005)	
STL10	Busch Stadium III	2006-04-10	2013-09-29	1	647	-90.19	38.62	St. Louis	MO	US	63102	700 Clark Street		(314) 345-9600	stlcardinals.com		logo_stl_79x76.jpg	SLN (647:2006-now)	Busch Stadium III (2006-now); Busch Stadium	
STP01	Tropicana Field	1998-03-31	2013-09-23	1	1286	-82.65	27.77	St. Petersburg	FL	US	33705	One Tropicana Drive		(727) 825-3137	devilrays.com	raysbeisbol.com	logo_tb_79x76.jpg	TBA (1286:1998-now)	Tropicana Field (1998-now)	
SYR01	Star Park I	1879-05-28	1879-09-10	0	34	-76.15	43.03	Syracuse	NY	US								SR1 (34:1879-1879)	Star Park I (1879-1879); Newell Park	
SYR02	Star Park II	1890-04-28	1890-10-04	0	54	-76.15	43.04	Syracuse	NY	US								SR2 (54:1890-1890)	Star Park II (1890-1890)	
SYR03	Iron Pier	1890-08-03	1890-08-03	0	1	-76.18	43.07	Syracuse	NY	US								SR2 (1:1890-1890 alt)	Iron Pier (1890-1890)	SR2 played 1 games here as an alternate (neutral) site from 1890-08-03 until 1890-08-03: Alternate park for Sunday and/or holiday games | No game ever played here: Fo
SYR04	Lakeside Park	1879-05-31	1879-08-09	0	NULL	NULL	NULL	Syracuse	NY	US									Lakeside Park	stadium only found in old parkcodes.txt, data suspect | SR1: Sundays
THR01	Three Rivers Park	1890-05-18	1890-07-20	0	5	-76.28	43.2	Clay	NY	US	13041							SR2 (5:1890-1890 alt)	Three Rivers Park (1890-1890)	SR2 played 5 games here as an alternate (neutral) site from 1890-05-25 until 1890-07-20: Alternate park for Sunday and/or holiday games
TOK01	Tokyo Dome	2000-03-29	2012-03-29	0	8	139.75	35.71	Tokyo	TK	JP								TBA (2:2004-2004 alt); OAK (4:2008-now alt); NYN (1:2000-2000 alt); CHN (1:2000-2000 alt)	Tokyo Dome (2000-2004)	TBA played 2 games here as an alternate (neutral) site from 2004-03-30 until 2004-03-31: Marketing move by Major League Baseball | NYN played 1 games here as an alter
TOL01	League Park (Toledo)	1884-05-14	1884-09-24	0	54	-83.55	41.65	Toledo	OH	US								TL1 (54:1884-1884)	League Park (Toledo) (1884-1884); League Park (1884-1884)	
TOL02	Tri-State Fair Grounds	1884-09-13	1884-09-13	0	1	-83.59	41.65	Toledo	OH	US								TL1 (1:1884-1884 alt)	Tri-State Fair Grounds (1884-1884)	
TOL03	Speranza Park	1890-05-01	1890-10-02	0	68	-83.54	41.67	Toledo	OH	US								TL2 (68:1890-1890)	Speranza Park (1890-1890)	
TOL04	Armory Park	1903-06-28	1903-08-16	0	2	-83.54	41.66	Toledo	OH	US								DET (2:1903-1903 alt)	Armory Park (1903-1903)	DET played 2 games here as an alternate (neutral) site from 1903-06-28 until 1903-08-16: Alternate park for Sunday and/or holiday games
TOR01	Exhibition Stadium	1977-04-07	1989-05-28	0	968	-79.42	43.63	Toronto	ON	CA								TOR (968:1977-1989 alt)	Exhibition Stadium (1977-1989)	First game: snow covering outfield
TOR02	Rogers Centre	1989-06-05	2013-09-29	1	1965	-79.39	43.64	Toronto	ON	CA	M5V1J1	1 Blue Jays Way	Suite 3200	(416) 341-1000	bluejays.com		logo_tor_79x76.jpg	TOR (1965:1989-now)	Rogers Centre (2005-now); Skydome (1989-2004)	
TRO01	Haymakers' Grounds	1871-05-09	1881-09-30	0	106	-73.68	42.76	Troy	NY	US								TRO (25:1871-1872); TRN (81:1880-1881)	Haymakers' Grounds (1871-1881)	
TRO02	Putnam Grounds	1879-05-28	1879-09-20	0	41	-73.68	42.73	Troy	NY	US								TRN (41:1879-1879)	Putnam Grounds (1879-1882)	TRN played 1 games here as an alternate (neutral) site from 1882-05-30 until 1882-05-30
WAR01	Rocky Point Park	1903-09-06	1903-09-06	0	1	-71.36	41.69	Warwick	RI	US								BSN (1:1903-1903 alt)	Rocky Point Park (1903-1903)	outfield surrounded by ocean | BSN played 1 games here as an alternate (neutral) site from 1903-09-06 until 1903-09-06: Alternate park for Sunday and/or holiday games
WAS01	Olympic Grounds	1871-05-05	1875-06-08	0	44	-77.04	38.91	Washington	DC	US								WS6 (8:1875-1875); WS5 (18:1873-1873); WS3 (18:1871-1872)	Olympic Grounds (1871-1875); Olympics Grounds	WS5 played 1 games here as an alternate (neutral) site from 1873-05-14 until 1873-05-14 | BL1 played 1 games here as an alternate (neutral) site from 1873-05-14 until
WAS02	National Grounds	1872-04-20	1872-05-25	0	7	-77.04	38.91	Washington	DC	US								WS4 (7:1872-1872)	National Grounds (1872-1872); Nationals Grounds	
WAS03	Capitol Grounds	1884-04-18	1884-09-25	0	65	-77.01	38.89	Washington	DC	US								WSU (65:1884-1884)	Capitol Grounds (1884-1884)	
WAS04	Athletic Park (Washington)	1884-05-01	1884-08-02	0	30	-77.02	38.91	Washington	DC	US								WS7 (30:1884-1884)	Athletic Park (Washington) (1884-1884); Athletic Park (1884-1884)	
WAS05	Swampoodle Grounds	1886-04-29	1889-09-21	0	250	-77.01	38.9	Washington	DC	US								WS8 (250:1886-1889)	Swampoodle Grounds (1886-1889); Swampdoodle Grounds	
WAS06	Boundary Field	1891-04-13	1899-10-14	0	617	-77.02	38.92	Washington	DC	US								WSN (545:1892-1899); WS9 (72:1891-1891)	Boundary Field (1891-1899)	
WAS07	American League Park I	1901-04-29	1903-09-28	0	207	-76.99	38.9	Washington	DC	US								WS1 (207:1901-1903)	American League Park I (1901-1903)	First PA announcer (1902)
WAS08	American League Park II	1904-04-14	1910-10-06	0	537	-77.02	38.92	Washington	DC	US								WS1 (537:1904-1910)	American League Park II (1904-1910)	
WAS09	Griffith Stadium	1911-04-12	1961-09-21	0	3945	-77.02	38.92	Washington	DC	US								WS2 (79:1961-1961); WS1 (3866:1911-1960)	Griffith Stadium (1911-1961); Griffith Stadium II; Griffith Stadium I	
WAS10	Robert F. Kennedy Stadium	1962-04-09	2007-09-23	0	1047	-76.97	38.89	Washington	DC	US	20003	2400 East Capitol Street, SE		(202) 349-0400	nationals.com		logo_was_79x76.jpg	WS2 (804:1962-1971); WAS (243:2005-now)	Robert F. Kennedy Stadium (1969-now); D.C. Stadium (1962-1968); RFK Stadium	
WAS11	Nationals Park	2008-03-30	2013-09-22	1	484	-77.01	38.87	Washington	DC	US								WAS (484:2008-now)	Nationals Park	
WAT01	Troy Ball Club Grounds	1882-05-20	1882-08-26	0	38	-73.71	42.73	Watervliet	NY	US								TRN (38:1882-1882)	Troy Ball Club Grounds (1882-1882)	
WAV01	Waverly Fairgrounds	1873-04-28	1873-07-23	0	7	-74.2	40.7	Newark	NJ	US	3658							ELI (7:1873-1873)	Waverly Fairgrounds (1873-1873)	
WEE01	Monitor Grounds	1887-09-11	1887-09-11	0	1	-74.01	40.79	Weehawken	NJ	US								NY4 (1:1887-1887 alt)	Monitor Grounds (1887-1887); Monitor Park	NY4 played 1 games here as an alternate (neutral) site from 1887-09-11 until 1887-09-11
WHE01	Island Grounds	1890-09-22	1890-09-22	0	1	-80.73	40.06	Wheeling	WV	US								PIT (1:1890-1890 alt)	Island Grounds (1890-1890)	PIT played 1 games here as an alternate (neutral) site from 1890-09-22 until 1890-09-22
WIL01	Union Street Park	1884-09-02	1884-09-10	0	7	-75.57	39.75	Wilmington	DE	US								WIL (7:1884-1884)	Union Street Park (1884-1884); Wilmington Grounds	Forfeit on 1884-9-15
WNY01	West New York Field Club Grounds	1898-09-11	1899-09-17	0	7	-74.02	40.77	West New York	NJ	US								NY1 (5:1898-1899 alt); BRO (2:1898-1898 alt)	West New York Field Club Grounds (1898-1899)	NY1 played 5 games here as an alternate (neutral) site from 1898-09-11 until 1899-09-17 | BRO played 2 games here as an alternate (neutral) site from 1898-09-18 until
WOR01	Agricultural County Fair Grounds I	1880-05-01	1882-09-29	0	126	-71.81	42.27	Worcester	MA	US								WOR (126:1880-1882)	Agricultural County Fair Grounds I (1880-1882); Worcester Driving Park Grounds	BS1 played 1 games here as an alternate (neutral) site from 1874-10-30 until 1874-10-30
WOR02	Agricultural County Fair Grounds II	1887-08-17	1887-08-17	0	1	-71.81	42.27	Worcester	MA	US								WS8 (1:1887-1887 alt)	Agricultural County Fair Grounds II (1887-1887)	WS8 played 1 games here as an alternate (neutral) site from 1887-08-17 until 1887-08-17 | BSN: 1 game
WOR03	Worcester Driving Park Grounds	1874-10-30	1874-10-30	0	1	-71.81	42.27	Worcester	MA	US								BS1 (1:1874-1874 alt)		1 BS1 game
